** Drc report for tinyPEPPER2.kicad_pcb **
** Created on 2026-10-06T00:34:18 **
** Report includes: Errors, Warnings **

** Found 987 DRC violations **
[solder_mask_bridge]: Front solder mask aperture bridges items with different nets
    Rule: board setup solder mask min width; error
    @(109.3049 mm, 106.5444 mm): Track [<no net>] on F.Cu, length 0.2130 mm
    @(109.2799 mm, 106.4444 mm): Pad 1 [Net-(R32-~-Pad1)] of R36 on F.Cu
[solder_mask_bridge]: Front solder mask aperture bridges items with different nets
    Rule: board setup solder mask min width; error
    @(112.7430 mm, 105.9635 mm): Track [<no net>] on F.Cu, length 0.7304 mm
    @(112.7430 mm, 105.9635 mm): Pad 19 [Net-(U2-P0.3)] of U2 on F.Cu
[solder_mask_bridge]: Front solder mask aperture bridges items with different nets
    Rule: board setup solder mask min width; error
    @(112.7299 mm, 114.7194 mm): Track [<no net>] on F.Cu, length 0.5000 mm
    @(112.7299 mm, 114.8944 mm): Pad 1 [Net-(R52-~-Pad1)] of R52 on F.Cu
[solder_mask_bridge]: Front solder mask aperture bridges items with different nets
    Rule: board setup solder mask min width; error
    @(107.3049 mm, 105.2444 mm): Track [<no net>] on F.Cu, length 0.5000 mm
    @(107.2799 mm, 105.0944 mm): Pad 1 [Net-(R32-~-Pad1)] of R32 on F.Cu
[solder_mask_bridge]: Rear solder mask aperture bridges items with different nets
    Rule: board setup solder mask min width; error
    @(109.1049 mm, 111.9944 mm): Via [<no net>] on F.Cu - B.Cu
    @(109.3049 mm, 112.4944 mm): Pad 2 [Net-(R76-~-Pad2)] of R76 on B.Cu
[solder_mask_bridge]: Front solder mask aperture bridges items with different nets
    Rule: board setup solder mask min width; error
    @(110.8979 mm, 113.4194 mm): Track [<no net>] on F.Cu, length 0.1680 mm
    @(110.7299 mm, 113.4194 mm): Pad 1 [Net-(R52-~-Pad1)] of R56 on F.Cu
[solder_mask_bridge]: Rear solder mask aperture bridges items with different nets
    Rule: board setup solder mask min width; error
    @(108.5215 mm, 113.1208 mm): Via [<no net>] on F.Cu - B.Cu
    @(108.1049 mm, 112.7944 mm): Pad 2 [Net-(U5-P0.2)] of R78 on B.Cu
[solder_mask_bridge]: Front solder mask aperture bridges items with different nets
    Rule: board setup solder mask min width; error
    @(109.1369 mm, 106.5444 mm): Track [<no net>] on F.Cu, length 0.1680 mm
    @(109.2799 mm, 106.4444 mm): Pad 1 [Net-(R32-~-Pad1)] of R36 on F.Cu
[solder_mask_bridge]: Rear solder mask aperture bridges items with different nets
    Rule: board setup solder mask min width; error
    @(108.7549 mm, 114.3944 mm): Via [<no net>] on F.Cu - B.Cu
    @(109.3049 mm, 114.0944 mm): Pad 1 [Net-(R72-~-Pad2)] of R73 on B.Cu
[solder_mask_bridge]: Rear solder mask aperture bridges items with different nets
    Rule: board setup solder mask min width; error
    @(110.7299 mm, 106.5194 mm): Track [<no net>] on B.Cu, length 0.2130 mm
    @(110.7549 mm, 106.4444 mm): Pad 1 [Net-(R12-~-Pad1)] of R16 on B.Cu
[solder_mask_bridge]: Front solder mask aperture bridges items with different nets
    Rule: board setup solder mask min width; error
    @(111.5133 mm, 113.1458 mm): Track [<no net>] on F.Cu, length 0.4616 mm
    @(111.9549 mm, 113.0444 mm): Pad 2 [Net-(U4-P0.2)] of R58 on F.Cu
[solder_mask_bridge]: Rear solder mask aperture bridges items with different nets
    Rule: board setup solder mask min width; error
    @(112.7430 mm, 113.9753 mm): Track [<no net>] on B.Cu, length 0.7304 mm
    @(112.7430 mm, 113.9753 mm): Pad 19 [Net-(U4-P0.3)] of U4 on B.Cu
[solder_mask_bridge]: Front solder mask aperture bridges items with different nets
    Rule: board setup solder mask min width; error
    @(108.5215 mm, 106.8180 mm): Track [<no net>] on F.Cu, length 0.4616 mm
    @(108.0799 mm, 106.8944 mm): Pad 2 [Net-(U3-P0.2)] of R38 on F.Cu
[solder_mask_bridge]: Rear solder mask aperture bridges items with different nets
    Rule: board setup solder mask min width; error
    @(107.2918 mm, 105.9885 mm): Track [<no net>] on B.Cu, length 0.7304 mm
    @(107.2918 mm, 105.9885 mm): Pad 19 [Net-(U3-P0.3)] of U3 on B.Cu
[solder_mask_bridge]: Front solder mask aperture bridges items with different nets
    Rule: board setup solder mask min width; error
    @(111.8397 mm, 112.8194 mm): Track [<no net>] on F.Cu, length 0.0902 mm
    @(111.9549 mm, 113.0444 mm): Pad 2 [Net-(U4-P0.2)] of R58 on F.Cu
[solder_mask_bridge]: Rear solder mask aperture bridges items with different nets
    Rule: board setup solder mask min width; error
    @(112.7299 mm, 105.2194 mm): Track [<no net>] on B.Cu, length 0.5000 mm
    @(112.7799 mm, 105.2194 mm): Pad 1 [Net-(R12-~-Pad1)] of R12 on B.Cu
[solder_mask_bridge]: Rear solder mask aperture bridges items with different nets
    Rule: board setup solder mask min width; error
    @(110.8979 mm, 106.5194 mm): Track [<no net>] on B.Cu, length 0.1680 mm
    @(110.7549 mm, 106.4444 mm): Pad 1 [Net-(R12-~-Pad1)] of R16 on B.Cu
[solder_mask_bridge]: Rear solder mask aperture bridges items with different nets
    Rule: board setup solder mask min width; error
    @(112.7299 mm, 105.2194 mm): Track [<no net>] on B.Cu, length 0.7000 mm
    @(112.7799 mm, 105.2194 mm): Pad 1 [Net-(R12-~-Pad1)] of R12 on B.Cu
[solder_mask_bridge]: Rear solder mask aperture bridges items with different nets
    Rule: board setup solder mask min width; error
    @(112.7299 mm, 105.2194 mm): Track [<no net>] on B.Cu, length 0.7000 mm
    @(113.4299 mm, 105.2194 mm): Pad 1 [Net-(U2-P0.3)] of R14 on B.Cu
[solder_mask_bridge]: Front solder mask aperture bridges items with different nets
    Rule: board setup solder mask min width; error
    @(112.7430 mm, 106.4635 mm): Track [<no net>] on F.Cu, length 0.4176 mm
    @(112.7430 mm, 106.4635 mm): Pad 20 [Net-(U2-P0.2)] of U2 on F.Cu
[solder_mask_bridge]: Rear solder mask aperture bridges items with different nets
    Rule: board setup solder mask min width; error
    @(111.5133 mm, 106.7930 mm): Track [<no net>] on B.Cu, length 0.4616 mm
    @(111.9299 mm, 107.1194 mm): Pad 2 [Net-(U2-P0.2)] of R18 on B.Cu
[solder_mask_bridge]: Front solder mask aperture bridges items with different nets
    Rule: board setup solder mask min width; error
    @(112.3254 mm, 106.4635 mm): Track [<no net>] on F.Cu, length 0.2505 mm
    @(112.7430 mm, 106.4635 mm): Pad 20 [Net-(U2-P0.2)] of U2 on F.Cu
[solder_mask_bridge]: Rear solder mask aperture bridges items with different nets
    Rule: board setup solder mask min width; error
    @(111.8397 mm, 107.1194 mm): Track [<no net>] on B.Cu, length 0.0902 mm
    @(111.9299 mm, 107.1194 mm): Pad 2 [Net-(U2-P0.2)] of R18 on B.Cu
[solder_mask_bridge]: Rear solder mask aperture bridges items with different nets
    Rule: board setup solder mask min width; error
    @(112.7430 mm, 113.4753 mm): Track [<no net>] on B.Cu, length 0.4176 mm
    @(112.7430 mm, 113.4753 mm): Pad 20 [Net-(U4-P0.2)] of U4 on B.Cu
[solder_mask_bridge]: Front solder mask aperture bridges items with different nets
    Rule: board setup solder mask min width; error
    @(111.2799 mm, 114.4194 mm): Track [<no net>] on F.Cu, length 0.4243 mm
    @(111.8299 mm, 114.8944 mm): Pad 2 [Net-(R52-~-Pad2)] of R52 on F.Cu
[solder_mask_bridge]: Front solder mask aperture bridges items with different nets
    Rule: board setup solder mask min width; error
    @(108.7549 mm, 105.5444 mm): Track [<no net>] on F.Cu, length 0.4243 mm
    @(108.1799 mm, 105.0944 mm): Pad 2 [Net-(R32-~-Pad2)] of R32 on F.Cu
[solder_mask_bridge]: Rear solder mask aperture bridges items with different nets
    Rule: board setup solder mask min width; error
    @(107.2918 mm, 106.4885 mm): Track [<no net>] on B.Cu, length 0.4176 mm
    @(107.2918 mm, 106.4885 mm): Pad 20 [Net-(U3-P0.2)] of U3 on B.Cu
[solder_mask_bridge]: Front solder mask aperture bridges items with different nets
    Rule: board setup solder mask min width; error
    @(111.8799 mm, 114.7194 mm): Track [<no net>] on F.Cu, length 0.3000 mm
    @(111.8299 mm, 114.8944 mm): Pad 2 [Net-(R52-~-Pad2)] of R52 on F.Cu
[solder_mask_bridge]: Rear solder mask aperture bridges items with different nets
    Rule: board setup solder mask min width; error
    @(112.3254 mm, 113.4753 mm): Track [<no net>] on B.Cu, length 0.2505 mm
    @(112.7430 mm, 113.4753 mm): Pad 20 [Net-(U4-P0.2)] of U4 on B.Cu
[solder_mask_bridge]: Front solder mask aperture bridges items with different nets
    Rule: board setup solder mask min width; error
    @(108.1549 mm, 105.2444 mm): Track [<no net>] on F.Cu, length 0.3000 mm
    @(108.1799 mm, 105.0944 mm): Pad 2 [Net-(R32-~-Pad2)] of R32 on F.Cu
[solder_mask_bridge]: Rear solder mask aperture bridges items with different nets
    Rule: board setup solder mask min width; error
    @(107.7094 mm, 106.4885 mm): Track [<no net>] on B.Cu, length 0.2505 mm
    @(107.2918 mm, 106.4885 mm): Pad 20 [Net-(U3-P0.2)] of U3 on B.Cu
[solder_mask_bridge]: Front solder mask aperture bridges items with different nets
    Rule: board setup solder mask min width; error
    @(111.2799 mm, 114.4194 mm): Track [<no net>] on F.Cu, length 0.4243 mm
    @(110.7299 mm, 114.1194 mm): Pad 1 [Net-(R52-~-Pad2)] of R53 on F.Cu
[solder_mask_bridge]: Rear solder mask aperture bridges items with different nets
    Rule: board setup solder mask min width; error
    @(111.8799 mm, 105.2194 mm): Track [<no net>] on B.Cu, length 0.3000 mm
    @(111.8799 mm, 105.2194 mm): Pad 2 [Net-(R12-~-Pad2)] of R12 on B.Cu
[solder_mask_bridge]: Front solder mask aperture bridges items with different nets
    Rule: board setup solder mask min width; error
    @(108.7549 mm, 105.5444 mm): Track [<no net>] on F.Cu, length 0.4243 mm
    @(109.3049 mm, 105.8444 mm): Pad 1 [Net-(R32-~-Pad2)] of R33 on F.Cu
[solder_mask_bridge]: Rear solder mask aperture bridges items with different nets
    Rule: board setup solder mask min width; error
    @(111.2799 mm, 105.5194 mm): Track [<no net>] on B.Cu, length 0.4243 mm
    @(110.7299 mm, 105.8194 mm): Pad 1 [Net-(R12-~-Pad2)] of R13 on B.Cu
[solder_mask_bridge]: Front solder mask aperture bridges items with different nets
    Rule: board setup solder mask min width; error
    @(110.9799 mm, 114.1194 mm): Track [<no net>] on F.Cu, length 0.2500 mm
    @(110.7299 mm, 114.1194 mm): Pad 1 [Net-(R52-~-Pad2)] of R53 on F.Cu
[solder_mask_bridge]: Rear solder mask aperture bridges items with different nets
    Rule: board setup solder mask min width; error
    @(110.9799 mm, 105.8194 mm): Track [<no net>] on B.Cu, length 0.2500 mm
    @(110.7299 mm, 105.8194 mm): Pad 1 [Net-(R12-~-Pad2)] of R13 on B.Cu
[solder_mask_bridge]: Front solder mask aperture bridges items with different nets
    Rule: board setup solder mask min width; error
    @(109.0549 mm, 105.8444 mm): Track [<no net>] on F.Cu, length 0.2500 mm
    @(109.3049 mm, 105.8444 mm): Pad 1 [Net-(R32-~-Pad2)] of R33 on F.Cu
[solder_mask_bridge]: Front solder mask aperture bridges items with different nets
    Rule: board setup solder mask min width; error
    @(113.4430 mm, 107.5049 mm): Track [<no net>] on F.Cu, length 0.3941 mm
    @(113.4430 mm, 107.1635 mm): Pad 2 [Net-(U2-P0.0)] of U2 on F.Cu
[solder_mask_bridge]: Rear solder mask aperture bridges items with different nets
    Rule: board setup solder mask min width; error
    @(106.5918 mm, 107.1885 mm): Track [<no net>] on B.Cu, length 0.3414 mm
    @(106.5918 mm, 107.1885 mm): Pad 2 [Net-(U3-P0.0)] of U3 on B.Cu
[solder_mask_bridge]: Front solder mask aperture bridges items with different nets
    Rule: board setup solder mask min width; error
    @(112.7430 mm, 107.1635 mm): Track [<no net>] on F.Cu, length 0.0211 mm
    @(112.7430 mm, 107.1635 mm): Pad 1 [Net-(U2-P0.1)] of U2 on F.Cu
[solder_mask_bridge]: Rear solder mask aperture bridges items with different nets
    Rule: board setup solder mask min width; error
    @(106.5918 mm, 107.5299 mm): Track [<no net>] on B.Cu, length 0.3941 mm
    @(106.5918 mm, 107.1885 mm): Pad 2 [Net-(U3-P0.0)] of U3 on B.Cu
[solder_mask_bridge]: Front solder mask aperture bridges items with different nets
    Rule: board setup solder mask min width; error
    @(112.7281 mm, 107.1486 mm): Track [<no net>] on F.Cu, length 0.4782 mm
    @(112.7430 mm, 107.1635 mm): Pad 1 [Net-(U2-P0.1)] of U2 on F.Cu
[solder_mask_bridge]: Rear solder mask aperture bridges items with different nets
    Rule: board setup solder mask min width; error
    @(114.3299 mm, 105.2194 mm): Track [<no net>] on B.Cu, length 0.7000 mm
    @(115.0299 mm, 105.2194 mm): Pad 1 [Net-(R14-~-Pad2)] of R15 on B.Cu
[solder_mask_bridge]: Front solder mask aperture bridges items with different nets
    Rule: board setup solder mask min width; error
    @(114.8987 mm, 113.7808 mm): Track [<no net>] on F.Cu, length 0.2976 mm
    @(114.8987 mm, 113.7808 mm): Pad 1 [Net-(R56-~-Pad2)] of R57 on F.Cu
[solder_mask_bridge]: Front solder mask aperture bridges items with different nets
    Rule: board setup solder mask min width; error
    @(105.1361 mm, 106.1830 mm): Track [<no net>] on F.Cu, length 0.2976 mm
    @(105.1361 mm, 106.1830 mm): Pad 1 [Net-(R36-~-Pad2)] of R37 on F.Cu
[solder_mask_bridge]: Rear solder mask aperture bridges items with different nets
    Rule: board setup solder mask min width; error
    @(114.3299 mm, 105.2194 mm): Track [<no net>] on B.Cu, length 0.7000 mm
    @(114.3299 mm, 105.2194 mm): Pad 2 [Net-(R14-~-Pad2)] of R14 on B.Cu
[solder_mask_bridge]: Front solder mask aperture bridges items with different nets
    Rule: board setup solder mask min width; error
    @(114.8987 mm, 113.4832 mm): Track [<no net>] on F.Cu, length 0.8044 mm
    @(114.3299 mm, 113.0444 mm): Pad 2 [Net-(U4-P0.1)] of R60 on F.Cu
[solder_mask_bridge]: Rear solder mask aperture bridges items with different nets
    Rule: board setup solder mask min width; error
    @(114.3299 mm, 106.1694 mm): Track [<no net>] on B.Cu, length 0.0500 mm
    @(114.1985 mm, 106.1580 mm): Pad 2 [Net-(U2-P0.0)] of R19 on B.Cu
[solder_mask_bridge]: Rear solder mask aperture bridges items with different nets
    Rule: board setup solder mask min width; error
    @(114.3299 mm, 106.2194 mm): Track [<no net>] on B.Cu, length 0.6364 mm
    @(114.1985 mm, 106.1580 mm): Pad 2 [Net-(U2-P0.0)] of R19 on B.Cu
[solder_mask_bridge]: Front solder mask aperture bridges items with different nets
    Rule: board setup solder mask min width; error
    @(114.8987 mm, 113.4832 mm): Track [<no net>] on F.Cu, length 0.8044 mm
    @(114.8987 mm, 113.7808 mm): Pad 1 [Net-(R56-~-Pad2)] of R57 on F.Cu
[solder_mask_bridge]: Rear solder mask aperture bridges items with different nets
    Rule: board setup solder mask min width; error
    @(114.3299 mm, 105.2194 mm): Track [<no net>] on B.Cu, length 0.4750 mm
    @(114.3299 mm, 105.2194 mm): Pad 2 [Net-(R14-~-Pad2)] of R14 on B.Cu
[solder_mask_bridge]: Front solder mask aperture bridges items with different nets
    Rule: board setup solder mask min width; error
    @(105.1361 mm, 106.4806 mm): Track [<no net>] on F.Cu, length 0.8044 mm
    @(105.7049 mm, 106.8944 mm): Pad 2 [Net-(U3-P0.1)] of R40 on F.Cu
[solder_mask_bridge]: Rear solder mask aperture bridges items with different nets
    Rule: board setup solder mask min width; error
    @(114.3299 mm, 107.5070 mm): Track [<no net>] on B.Cu, length 0.3876 mm
    @(114.3299 mm, 107.1194 mm): Pad 2 [Net-(U2-P0.1)] of R20 on B.Cu
[solder_mask_bridge]: Front solder mask aperture bridges items with different nets
    Rule: board setup solder mask min width; error
    @(105.1361 mm, 106.4806 mm): Track [<no net>] on F.Cu, length 0.8044 mm
    @(105.1361 mm, 106.1830 mm): Pad 1 [Net-(R36-~-Pad2)] of R37 on F.Cu
[solder_mask_bridge]: Front solder mask aperture bridges items with different nets
    Rule: board setup solder mask min width; error
    @(114.3299 mm, 112.9144 mm): Track [<no net>] on F.Cu, length 0.0950 mm
    @(114.3299 mm, 113.0444 mm): Pad 2 [Net-(U4-P0.1)] of R60 on F.Cu
[solder_mask_bridge]: Rear solder mask aperture bridges items with different nets
    Rule: board setup solder mask min width; error
    @(112.7430 mm, 112.7753 mm): Track [<no net>] on B.Cu, length 0.0211 mm
    @(112.7430 mm, 112.7753 mm): Pad 1 [Net-(U4-P0.1)] of U4 on B.Cu
[solder_mask_bridge]: Front solder mask aperture bridges items with different nets
    Rule: board setup solder mask min width; error
    @(105.7049 mm, 107.0494 mm): Track [<no net>] on F.Cu, length 0.0950 mm
    @(105.7049 mm, 106.8944 mm): Pad 2 [Net-(U3-P0.1)] of R40 on F.Cu
[solder_mask_bridge]: Front solder mask aperture bridges items with different nets
    Rule: board setup solder mask min width; error
    @(110.7299 mm, 112.2194 mm): Track [<no net>] on F.Cu, length 0.3000 mm
    @(110.7299 mm, 112.5194 mm): Pad 2 [Net-(R56-~-Pad2)] of R56 on F.Cu
[solder_mask_bridge]: Rear solder mask aperture bridges items with different nets
    Rule: board setup solder mask min width; error
    @(107.2918 mm, 107.1885 mm): Track [<no net>] on B.Cu, length 0.0211 mm
    @(107.2918 mm, 107.1885 mm): Pad 1 [Net-(U3-P0.1)] of U3 on B.Cu
[solder_mask_bridge]: Rear solder mask aperture bridges items with different nets
    Rule: board setup solder mask min width; error
    @(112.7281 mm, 112.7902 mm): Track [<no net>] on B.Cu, length 0.4782 mm
    @(112.7430 mm, 112.7753 mm): Pad 1 [Net-(U4-P0.1)] of U4 on B.Cu
[solder_mask_bridge]: Rear solder mask aperture bridges items with different nets
    Rule: board setup solder mask min width; error
    @(107.3067 mm, 107.1736 mm): Track [<no net>] on B.Cu, length 0.4782 mm
    @(107.2918 mm, 107.1885 mm): Pad 1 [Net-(U3-P0.1)] of U3 on B.Cu
[solder_mask_bridge]: Front solder mask aperture bridges items with different nets
    Rule: board setup solder mask min width; error
    @(109.3049 mm, 107.7444 mm): Track [<no net>] on F.Cu, length 0.3000 mm
    @(109.2799 mm, 107.3444 mm): Pad 2 [Net-(R36-~-Pad2)] of R36 on F.Cu
[solder_mask_bridge]: Front solder mask aperture bridges items with different nets
    Rule: board setup solder mask min width; error
    @(112.7430 mm, 107.1635 mm): Track [<no net>] on F.Cu, length 0.3072 mm
    @(112.7430 mm, 107.1635 mm): Pad 1 [Net-(U2-P0.1)] of U2 on F.Cu
[solder_mask_bridge]: Rear solder mask aperture bridges items with different nets
    Rule: board setup solder mask min width; error
    @(114.8987 mm, 106.1580 mm): Track [<no net>] on B.Cu, length 0.2976 mm
    @(114.8987 mm, 106.1580 mm): Pad 1 [Net-(R16-~-Pad2)] of R17 on B.Cu
[solder_mask_bridge]: Front solder mask aperture bridges items with different nets
    Rule: board setup solder mask min width; error
    @(110.7299 mm, 112.5194 mm): Track [<no net>] on F.Cu, length 0.3000 mm
    @(110.7299 mm, 112.5194 mm): Pad 2 [Net-(R56-~-Pad2)] of R56 on F.Cu
[solder_mask_bridge]: Rear solder mask aperture bridges items with different nets
    Rule: board setup solder mask min width; error
    @(114.8987 mm, 106.4556 mm): Track [<no net>] on B.Cu, length 0.8044 mm
    @(114.3299 mm, 107.1194 mm): Pad 2 [Net-(U2-P0.1)] of R20 on B.Cu
[solder_mask_bridge]: Rear solder mask aperture bridges items with different nets
    Rule: board setup solder mask min width; error
    @(114.8987 mm, 106.4556 mm): Track [<no net>] on B.Cu, length 0.8044 mm
    @(114.8987 mm, 106.1580 mm): Pad 1 [Net-(R16-~-Pad2)] of R17 on B.Cu
[solder_mask_bridge]: Front solder mask aperture bridges items with different nets
    Rule: board setup solder mask min width; error
    @(109.3049 mm, 107.4444 mm): Track [<no net>] on F.Cu, length 0.3000 mm
    @(109.2799 mm, 107.3444 mm): Pad 2 [Net-(R36-~-Pad2)] of R36 on F.Cu
[solder_mask_bridge]: Front solder mask aperture bridges items with different nets
    Rule: board setup solder mask min width; error
    @(112.7430 mm, 107.1635 mm): Track [<no net>] on F.Cu, length 0.0428 mm
    @(112.7430 mm, 107.1635 mm): Pad 1 [Net-(U2-P0.1)] of U2 on F.Cu
[solder_mask_bridge]: Rear solder mask aperture bridges items with different nets
    Rule: board setup solder mask min width; error
    @(114.3299 mm, 107.0244 mm): Track [<no net>] on B.Cu, length 0.0950 mm
    @(114.3299 mm, 107.1194 mm): Pad 2 [Net-(U2-P0.1)] of R20 on B.Cu
[solder_mask_bridge]: Front solder mask aperture bridges items with different nets
    Rule: board setup solder mask min width; error
    @(113.8799 mm, 113.4622 mm): Track [<no net>] on F.Cu, length 0.4506 mm
    @(114.2049 mm, 113.9944 mm): Pad 2 [Net-(U4-P0.0)] of R59 on F.Cu
[solder_mask_bridge]: Rear solder mask aperture bridges items with different nets
    Rule: board setup solder mask min width; error
    @(110.7299 mm, 107.7194 mm): Track [<no net>] on B.Cu, length 0.3000 mm
    @(110.7549 mm, 107.3444 mm): Pad 2 [Net-(R16-~-Pad2)] of R16 on B.Cu
[solder_mask_bridge]: Rear solder mask aperture bridges items with different nets
    Rule: board setup solder mask min width; error
    @(112.7430 mm, 112.7753 mm): Track [<no net>] on B.Cu, length 0.3072 mm
    @(112.7430 mm, 112.7753 mm): Pad 1 [Net-(U4-P0.1)] of U4 on B.Cu
[solder_mask_bridge]: Front solder mask aperture bridges items with different nets
    Rule: board setup solder mask min width; error
    @(106.1049 mm, 106.0194 mm): Track [<no net>] on F.Cu, length 0.2250 mm
    @(105.8049 mm, 105.9444 mm): Pad 2 [Net-(U3-P0.0)] of R39 on F.Cu
[solder_mask_bridge]: Front solder mask aperture bridges items with different nets
    Rule: board setup solder mask min width; error
    @(105.8799 mm, 106.0194 mm): Track [<no net>] on F.Cu, length 0.1061 mm
    @(105.8049 mm, 105.9444 mm): Pad 2 [Net-(U3-P0.0)] of R39 on F.Cu
[solder_mask_bridge]: Rear solder mask aperture bridges items with different nets
    Rule: board setup solder mask min width; error
    @(107.2918 mm, 107.1885 mm): Track [<no net>] on B.Cu, length 0.3072 mm
    @(107.2918 mm, 107.1885 mm): Pad 1 [Net-(U3-P0.1)] of U3 on B.Cu
[solder_mask_bridge]: Front solder mask aperture bridges items with different nets
    Rule: board setup solder mask min width; error
    @(109.0369 mm, 106.4444 mm): Track [<no net>] on F.Cu, length 0.2260 mm
    @(109.2799 mm, 106.4444 mm): Pad 1 [Net-(R32-~-Pad1)] of R36 on F.Cu
[solder_mask_bridge]: Rear solder mask aperture bridges items with different nets
    Rule: board setup solder mask min width; error
    @(110.7299 mm, 107.4194 mm): Track [<no net>] on B.Cu, length 0.3000 mm
    @(110.7549 mm, 107.3444 mm): Pad 2 [Net-(R16-~-Pad2)] of R16 on B.Cu
[solder_mask_bridge]: Rear solder mask aperture bridges items with different nets
    Rule: board setup solder mask min width; error
    @(112.7430 mm, 112.7753 mm): Track [<no net>] on B.Cu, length 0.0428 mm
    @(112.7430 mm, 112.7753 mm): Pad 1 [Net-(U4-P0.1)] of U4 on B.Cu
[solder_mask_bridge]: Rear solder mask aperture bridges items with different nets
    Rule: board setup solder mask min width; error
    @(107.2918 mm, 107.1885 mm): Track [<no net>] on B.Cu, length 0.0428 mm
    @(107.2918 mm, 107.1885 mm): Pad 1 [Net-(U3-P0.1)] of U3 on B.Cu
[solder_mask_bridge]: Rear solder mask aperture bridges items with different nets
    Rule: board setup solder mask min width; error
    @(111.2389 mm, 106.2604 mm): Track [<no net>] on B.Cu, length 0.2602 mm
    @(110.7549 mm, 106.4444 mm): Pad 1 [Net-(R12-~-Pad1)] of R16 on B.Cu
[solder_mask_bridge]: Rear solder mask aperture bridges items with different nets
    Rule: board setup solder mask min width; error
    @(111.0549 mm, 106.4444 mm): Track [<no net>] on B.Cu, length 0.3000 mm
    @(110.7549 mm, 106.4444 mm): Pad 1 [Net-(R12-~-Pad1)] of R16 on B.Cu
[solder_mask_bridge]: Rear solder mask aperture bridges items with different nets
    Rule: board setup solder mask min width; error
    @(113.4430 mm, 112.4325 mm): Track [<no net>] on B.Cu, length 0.3721 mm
    @(113.4430 mm, 112.7753 mm): Pad 2 [Net-(U4-P0.0)] of U4 on B.Cu
[solder_mask_bridge]: Rear solder mask aperture bridges items with different nets
    Rule: board setup solder mask min width; error
    @(106.8705 mm, 107.8086 mm): Track [<no net>] on B.Cu, length 0.3941 mm
    @(106.5918 mm, 107.1885 mm): Pad 2 [Net-(U3-P0.0)] of U3 on B.Cu
[solder_mask_bridge]: Rear solder mask aperture bridges items with different nets
    Rule: board setup solder mask min width; error
    @(106.5918 mm, 107.5299 mm): Track [<no net>] on B.Cu, length 0.3414 mm
    @(106.5918 mm, 107.1885 mm): Pad 2 [Net-(U3-P0.0)] of U3 on B.Cu
[solder_mask_bridge]: Front solder mask aperture bridges items with different nets
    Rule: board setup solder mask min width; error
    @(114.6799 mm, 114.7194 mm): Track [<no net>] on F.Cu, length 0.3500 mm
    @(115.0299 mm, 114.7194 mm): Pad 1 [Net-(R54-~-Pad2)] of R55 on F.Cu
[solder_mask_bridge]: Rear solder mask aperture bridges items with different nets
    Rule: board setup solder mask min width; error
    @(114.1985 mm, 105.8258 mm): Track [<no net>] on B.Cu, length 0.1858 mm
    @(114.1985 mm, 106.1580 mm): Pad 2 [Net-(U2-P0.0)] of R19 on B.Cu
[solder_mask_bridge]: Rear solder mask aperture bridges items with different nets
    Rule: board setup solder mask min width; error
    @(105.7049 mm, 113.6944 mm): Track [<no net>] on B.Cu, length 0.6364 mm
    @(105.8363 mm, 113.7558 mm): Pad 2 [Net-(U5-P0.0)] of R79 on B.Cu
[solder_mask_bridge]: Front solder mask aperture bridges items with different nets
    Rule: board setup solder mask min width; error
    @(105.4549 mm, 105.0944 mm): Track [<no net>] on F.Cu, length 0.3500 mm
    @(105.8049 mm, 105.0944 mm): Pad 2 [Net-(R34-~-Pad2)] of R34 on F.Cu
[solder_mask_bridge]: Rear solder mask aperture bridges items with different nets
    Rule: board setup solder mask min width; error
    @(109.3049 mm, 112.1944 mm): Track [<no net>] on B.Cu, length 0.3000 mm
    @(109.3049 mm, 112.4944 mm): Pad 2 [Net-(R76-~-Pad2)] of R76 on B.Cu
[solder_mask_bridge]: Front solder mask aperture bridges items with different nets
    Rule: board setup solder mask min width; error
    @(107.3067 mm, 112.7652 mm): Track [<no net>] on F.Cu, length 0.4782 mm
    @(107.2918 mm, 112.7503 mm): Pad 1 [Net-(U5-P0.1)] of U5 on F.Cu
[solder_mask_bridge]: Rear solder mask aperture bridges items with different nets
    Rule: board setup solder mask min width; error
    @(108.7549 mm, 114.3944 mm): Track [<no net>] on B.Cu, length 0.4243 mm
    @(109.3049 mm, 114.0944 mm): Pad 1 [Net-(R72-~-Pad2)] of R73 on B.Cu
[solder_mask_bridge]: Rear solder mask aperture bridges items with different nets
    Rule: board setup solder mask min width; error
    @(109.0549 mm, 114.0944 mm): Track [<no net>] on B.Cu, length 0.2500 mm
    @(109.3049 mm, 114.0944 mm): Pad 1 [Net-(R72-~-Pad2)] of R73 on B.Cu
[solder_mask_bridge]: Front solder mask aperture bridges items with different nets
    Rule: board setup solder mask min width; error
    @(107.7094 mm, 113.4503 mm): Track [<no net>] on F.Cu, length 0.2505 mm
    @(107.2918 mm, 113.4503 mm): Pad 20 [Net-(U5-P0.2)] of U5 on F.Cu
[solder_mask_bridge]: Rear solder mask aperture bridges items with different nets
    Rule: board setup solder mask min width; error
    @(105.1361 mm, 113.4582 mm): Track [<no net>] on B.Cu, length 0.8044 mm
    @(105.7049 mm, 112.7944 mm): Pad 2 [Net-(U5-P0.1)] of R80 on B.Cu
[solder_mask_bridge]: Rear solder mask aperture bridges items with different nets
    Rule: board setup solder mask min width; error
    @(105.1361 mm, 113.4582 mm): Track [<no net>] on B.Cu, length 0.8044 mm
    @(105.1361 mm, 113.7558 mm): Pad 1 [Net-(R76-~-Pad2)] of R77 on B.Cu
[solder_mask_bridge]: Front solder mask aperture bridges items with different nets
    Rule: board setup solder mask min width; error
    @(106.5918 mm, 112.4089 mm): Track [<no net>] on F.Cu, length 0.3941 mm
    @(106.5918 mm, 112.7503 mm): Pad 2 [Net-(U5-P0.0)] of U5 on F.Cu
[solder_mask_bridge]: Rear solder mask aperture bridges items with different nets
    Rule: board setup solder mask min width; error
    @(105.7049 mm, 112.8894 mm): Track [<no net>] on B.Cu, length 0.0950 mm
    @(105.7049 mm, 112.7944 mm): Pad 2 [Net-(U5-P0.1)] of R80 on B.Cu
[solder_mask_bridge]: Rear solder mask aperture bridges items with different nets
    Rule: board setup solder mask min width; error
    @(109.1369 mm, 113.3944 mm): Track [<no net>] on B.Cu, length 0.1680 mm
    @(109.3049 mm, 113.3944 mm): Pad 1 [Net-(R72-~-Pad1)] of R76 on B.Cu
[solder_mask_bridge]: Front solder mask aperture bridges items with different nets
    Rule: board setup solder mask min width; error
    @(111.2736 mm, 113.7393 mm): Track [<no net>] on F.Cu, length 0.4524 mm
    @(110.7299 mm, 113.4194 mm): Pad 1 [Net-(R52-~-Pad1)] of R56 on F.Cu
[solder_mask_bridge]: Rear solder mask aperture bridges items with different nets
    Rule: board setup solder mask min width; error
    @(109.3049 mm, 113.6074 mm): Track [<no net>] on B.Cu, length 0.0662 mm
    @(109.3049 mm, 113.3944 mm): Pad 1 [Net-(R72-~-Pad1)] of R76 on B.Cu
[solder_mask_bridge]: Front solder mask aperture bridges items with different nets
    Rule: board setup solder mask min width; error
    @(110.9537 mm, 113.4194 mm): Track [<no net>] on F.Cu, length 0.2238 mm
    @(110.7299 mm, 113.4194 mm): Pad 1 [Net-(R52-~-Pad1)] of R56 on F.Cu
[solder_mask_bridge]: Rear solder mask aperture bridges items with different nets
    Rule: board setup solder mask min width; error
    @(109.2581 mm, 113.6542 mm): Track [<no net>] on B.Cu, length 0.3810 mm
    @(109.3049 mm, 113.3944 mm): Pad 1 [Net-(R72-~-Pad1)] of R76 on B.Cu
[solder_mask_bridge]: Front solder mask aperture bridges items with different nets
    Rule: board setup solder mask min width; error
    @(112.7299 mm, 114.8944 mm): Track [<no net>] on F.Cu, length 0.5750 mm
    @(112.7299 mm, 114.8944 mm): Pad 1 [Net-(R52-~-Pad1)] of R52 on F.Cu
[solder_mask_bridge]: Rear solder mask aperture bridges items with different nets
    Rule: board setup solder mask min width; error
    @(108.5215 mm, 113.1208 mm): Track [<no net>] on B.Cu, length 0.4616 mm
    @(108.1049 mm, 112.7944 mm): Pad 2 [Net-(U5-P0.2)] of R78 on B.Cu
[solder_mask_bridge]: Front solder mask aperture bridges items with different nets
    Rule: board setup solder mask min width; error
    @(112.7299 mm, 114.8944 mm): Track [<no net>] on F.Cu, length 0.5750 mm
    @(113.3049 mm, 114.8944 mm): Pad 1 [Net-(U4-P0.3)] of R54 on F.Cu
[solder_mask_bridge]: Rear solder mask aperture bridges items with different nets
    Rule: board setup solder mask min width; error
    @(108.1951 mm, 112.7944 mm): Track [<no net>] on B.Cu, length 0.0902 mm
    @(108.1049 mm, 112.7944 mm): Pad 2 [Net-(U5-P0.2)] of R78 on B.Cu
[solder_mask_bridge]: Front solder mask aperture bridges items with different nets
    Rule: board setup solder mask min width; error
    @(105.0049 mm, 105.2444 mm): Track [<no net>] on F.Cu, length 0.3000 mm
    @(105.0049 mm, 105.2444 mm): Pad 1 [Net-(R34-~-Pad2)] of R35 on F.Cu
[solder_mask_bridge]: Rear solder mask aperture bridges items with different nets
    Rule: board setup solder mask min width; error
    @(105.7049 mm, 112.4068 mm): Track [<no net>] on B.Cu, length 0.3876 mm
    @(105.7049 mm, 112.7944 mm): Pad 2 [Net-(U5-P0.1)] of R80 on B.Cu
[solder_mask_bridge]: Rear solder mask aperture bridges items with different nets
    Rule: board setup solder mask min width; error
    @(113.4430 mm, 112.7753 mm): Track [<no net>] on B.Cu, length 0.3428 mm
    @(113.4430 mm, 112.7753 mm): Pad 2 [Net-(U4-P0.0)] of U4 on B.Cu
[solder_mask_bridge]: Rear solder mask aperture bridges items with different nets
    Rule: board setup solder mask min width; error
    @(109.3049 mm, 113.3944 mm): Track [<no net>] on B.Cu, length 0.2130 mm
    @(109.3049 mm, 113.3944 mm): Pad 1 [Net-(R72-~-Pad1)] of R76 on B.Cu
[solder_mask_bridge]: Rear solder mask aperture bridges items with different nets
    Rule: board setup solder mask min width; error
    @(109.3049 mm, 112.4944 mm): Track [<no net>] on B.Cu, length 0.3000 mm
    @(109.3049 mm, 112.4944 mm): Pad 2 [Net-(R76-~-Pad2)] of R76 on B.Cu
[solder_mask_bridge]: Front solder mask aperture bridges items with different nets
    Rule: board setup solder mask min width; error
    @(107.2918 mm, 113.9503 mm): Track [<no net>] on F.Cu, length 0.7304 mm
    @(107.2918 mm, 113.9503 mm): Pad 19 [Net-(U5-P0.3)] of U5 on F.Cu
[solder_mask_bridge]: Rear solder mask aperture bridges items with different nets
    Rule: board setup solder mask min width; error
    @(107.3049 mm, 114.6944 mm): Track [<no net>] on B.Cu, length 0.7000 mm
    @(107.2549 mm, 114.6944 mm): Pad 1 [Net-(R72-~-Pad1)] of R72 on B.Cu
[solder_mask_bridge]: Rear solder mask aperture bridges items with different nets
    Rule: board setup solder mask min width; error
    @(107.3049 mm, 114.6944 mm): Track [<no net>] on B.Cu, length 0.7000 mm
    @(106.6049 mm, 114.6944 mm): Pad 1 [Net-(U5-P0.3)] of R74 on B.Cu
[solder_mask_bridge]: Rear solder mask aperture bridges items with different nets
    Rule: board setup solder mask min width; error
    @(108.1549 mm, 114.6944 mm): Track [<no net>] on B.Cu, length 0.3000 mm
    @(108.1549 mm, 114.6944 mm): Pad 2 [Net-(R72-~-Pad2)] of R72 on B.Cu
[solder_mask_bridge]: Rear solder mask aperture bridges items with different nets
    Rule: board setup solder mask min width; error
    @(107.3049 mm, 114.6944 mm): Track [<no net>] on B.Cu, length 0.5000 mm
    @(107.2549 mm, 114.6944 mm): Pad 1 [Net-(R72-~-Pad1)] of R72 on B.Cu
[solder_mask_bridge]: Rear solder mask aperture bridges items with different nets
    Rule: board setup solder mask min width; error
    @(114.1985 mm, 106.1580 mm): Track [<no net>] on B.Cu, length 0.3322 mm
    @(114.1985 mm, 106.1580 mm): Pad 2 [Net-(U2-P0.0)] of R19 on B.Cu
[solder_mask_bridge]: Front solder mask aperture bridges items with different nets
    Rule: board setup solder mask min width; error
    @(109.3049 mm, 107.3444 mm): Track [<no net>] on F.Cu, length 0.8750 mm
    @(109.2799 mm, 107.3444 mm): Pad 2 [Net-(R36-~-Pad2)] of R36 on F.Cu
[solder_mask_bridge]: Rear solder mask aperture bridges items with different nets
    Rule: board setup solder mask min width; error
    @(113.4430 mm, 112.7753 mm): Track [<no net>] on B.Cu, length 0.3414 mm
    @(113.4430 mm, 112.7753 mm): Pad 2 [Net-(U4-P0.0)] of U4 on B.Cu
[solder_mask_bridge]: Front solder mask aperture bridges items with different nets
    Rule: board setup solder mask min width; error
    @(113.4430 mm, 107.1635 mm): Track [<no net>] on F.Cu, length 0.3414 mm
    @(113.4430 mm, 107.1635 mm): Pad 2 [Net-(U2-P0.0)] of U2 on F.Cu
[solder_mask_bridge]: Rear solder mask aperture bridges items with different nets
    Rule: board setup solder mask min width; error
    @(105.7049 mm, 113.7444 mm): Track [<no net>] on B.Cu, length 0.0500 mm
    @(105.8363 mm, 113.7558 mm): Pad 2 [Net-(U5-P0.0)] of R79 on B.Cu
[solder_mask_bridge]: Front solder mask aperture bridges items with different nets
    Rule: board setup solder mask min width; error
    @(107.2918 mm, 113.4503 mm): Track [<no net>] on F.Cu, length 0.4176 mm
    @(107.2918 mm, 113.4503 mm): Pad 20 [Net-(U5-P0.2)] of U5 on F.Cu
[solder_mask_bridge]: Rear solder mask aperture bridges items with different nets
    Rule: board setup solder mask min width; error
    @(105.7049 mm, 114.6944 mm): Track [<no net>] on B.Cu, length 0.9500 mm
    @(105.8363 mm, 113.7558 mm): Pad 2 [Net-(U5-P0.0)] of R79 on B.Cu
[solder_mask_bridge]: Front solder mask aperture bridges items with different nets
    Rule: board setup solder mask min width; error
    @(106.7049 mm, 105.0944 mm): Track [<no net>] on F.Cu, length 0.5750 mm
    @(107.2799 mm, 105.0944 mm): Pad 1 [Net-(R32-~-Pad1)] of R32 on F.Cu
[solder_mask_bridge]: Rear solder mask aperture bridges items with different nets
    Rule: board setup solder mask min width; error
    @(105.7049 mm, 114.6944 mm): Track [<no net>] on B.Cu, length 0.9500 mm
    @(105.7049 mm, 114.6944 mm): Pad 2 [Net-(R74-~-Pad2)] of R74 on B.Cu
[solder_mask_bridge]: Rear solder mask aperture bridges items with different nets
    Rule: board setup solder mask min width; error
    @(105.1361 mm, 113.7558 mm): Track [<no net>] on B.Cu, length 0.2976 mm
    @(105.1361 mm, 113.7558 mm): Pad 1 [Net-(R76-~-Pad2)] of R77 on B.Cu
[solder_mask_bridge]: Front solder mask aperture bridges items with different nets
    Rule: board setup solder mask min width; error
    @(106.7049 mm, 105.0944 mm): Track [<no net>] on F.Cu, length 0.5750 mm
    @(106.7049 mm, 105.0944 mm): Pad 1 [Net-(U3-P0.3)] of R34 on F.Cu
[solder_mask_bridge]: Rear solder mask aperture bridges items with different nets
    Rule: board setup solder mask min width; error
    @(105.7049 mm, 114.6944 mm): Track [<no net>] on B.Cu, length 0.7000 mm
    @(105.7049 mm, 114.6944 mm): Pad 2 [Net-(R74-~-Pad2)] of R74 on B.Cu
[solder_mask_bridge]: Rear solder mask aperture bridges items with different nets
    Rule: board setup solder mask min width; error
    @(105.7049 mm, 114.6944 mm): Track [<no net>] on B.Cu, length 0.7000 mm
    @(105.0049 mm, 114.6944 mm): Pad 1 [Net-(R74-~-Pad2)] of R75 on B.Cu
[solder_mask_bridge]: Front solder mask aperture bridges items with different nets
    Rule: board setup solder mask min width; error
    @(107.2918 mm, 112.7503 mm): Track [<no net>] on F.Cu, length 0.0211 mm
    @(107.2918 mm, 112.7503 mm): Pad 1 [Net-(U5-P0.1)] of U5 on F.Cu
[solder_mask_bridge]: Front solder mask aperture bridges items with different nets
    Rule: board setup solder mask min width; error
    @(109.3049 mm, 106.4444 mm): Track [<no net>] on F.Cu, length 0.2680 mm
    @(109.2799 mm, 106.4444 mm): Pad 1 [Net-(R32-~-Pad1)] of R36 on F.Cu
[solder_mask_bridge]: Front solder mask aperture bridges items with different nets
    Rule: board setup solder mask min width; error
    @(107.2918 mm, 112.7503 mm): Track [<no net>] on F.Cu, length 0.0428 mm
    @(107.2918 mm, 112.7503 mm): Pad 1 [Net-(U5-P0.1)] of U5 on F.Cu
[solder_mask_bridge]: Front solder mask aperture bridges items with different nets
    Rule: board setup solder mask min width; error
    @(110.7299 mm, 112.5194 mm): Track [<no net>] on F.Cu, length 0.6000 mm
    @(110.7299 mm, 112.5194 mm): Pad 2 [Net-(R56-~-Pad2)] of R56 on F.Cu
[solder_mask_bridge]: Front solder mask aperture bridges items with different nets
    Rule: board setup solder mask min width; error
    @(114.3299 mm, 113.0444 mm): Track [<no net>] on F.Cu, length 0.4500 mm
    @(114.3299 mm, 113.0444 mm): Pad 2 [Net-(U4-P0.1)] of R60 on F.Cu
[solder_mask_bridge]: Front solder mask aperture bridges items with different nets
    Rule: board setup solder mask min width; error
    @(107.2918 mm, 112.7503 mm): Track [<no net>] on F.Cu, length 0.3072 mm
    @(107.2918 mm, 112.7503 mm): Pad 1 [Net-(U5-P0.1)] of U5 on F.Cu
[solder_mask_bridge]: Front solder mask aperture bridges items with different nets
    Rule: board setup solder mask min width; error
    @(114.2049 mm, 113.9944 mm): Track [<no net>] on F.Cu, length 0.9000 mm
    @(114.2049 mm, 113.9944 mm): Pad 2 [Net-(U4-P0.0)] of R59 on F.Cu
[solder_mask_bridge]: Front solder mask aperture bridges items with different nets
    Rule: board setup solder mask min width; error
    @(114.2049 mm, 113.9944 mm): Track [<no net>] on F.Cu, length 0.9000 mm
    @(114.2049 mm, 114.8944 mm): Pad 2 [Net-(R54-~-Pad2)] of R54 on F.Cu
[solder_mask_bridge]: Front solder mask aperture bridges items with different nets
    Rule: board setup solder mask min width; error
    @(106.5918 mm, 112.7503 mm): Track [<no net>] on F.Cu, length 0.3414 mm
    @(106.5918 mm, 112.7503 mm): Pad 2 [Net-(U5-P0.0)] of U5 on F.Cu
[solder_mask_bridge]: Front solder mask aperture bridges items with different nets
    Rule: board setup solder mask min width; error
    @(105.7049 mm, 106.8944 mm): Track [<no net>] on F.Cu, length 0.4500 mm
    @(105.7049 mm, 106.8944 mm): Pad 2 [Net-(U3-P0.1)] of R40 on F.Cu
[solder_mask_bridge]: Front solder mask aperture bridges items with different nets
    Rule: board setup solder mask min width; error
    @(114.2049 mm, 114.8944 mm): Track [<no net>] on F.Cu, length 0.3000 mm
    @(114.2049 mm, 114.8944 mm): Pad 2 [Net-(R54-~-Pad2)] of R54 on F.Cu
[solder_mask_bridge]: Front solder mask aperture bridges items with different nets
    Rule: board setup solder mask min width; error
    @(105.8049 mm, 105.9444 mm): Track [<no net>] on F.Cu, length 0.8500 mm
    @(105.8049 mm, 105.9444 mm): Pad 2 [Net-(U3-P0.0)] of R39 on F.Cu
[solder_mask_bridge]: Front solder mask aperture bridges items with different nets
    Rule: board setup solder mask min width; error
    @(105.8049 mm, 105.9444 mm): Track [<no net>] on F.Cu, length 0.8500 mm
    @(105.8049 mm, 105.0944 mm): Pad 2 [Net-(R34-~-Pad2)] of R34 on F.Cu
[solder_mask_bridge]: Front solder mask aperture bridges items with different nets
    Rule: board setup solder mask min width; error
    @(111.5133 mm, 113.1458 mm): Via [<no net>] on F.Cu - B.Cu
    @(111.9549 mm, 113.0444 mm): Pad 2 [Net-(U4-P0.2)] of R58 on F.Cu
[solder_mask_bridge]: Front solder mask aperture bridges items with different nets
    Rule: board setup solder mask min width; error
    @(108.5215 mm, 106.8180 mm): Via [<no net>] on F.Cu - B.Cu
    @(108.0799 mm, 106.8944 mm): Pad 2 [Net-(U3-P0.2)] of R38 on F.Cu
[solder_mask_bridge]: Rear solder mask aperture bridges items with different nets
    Rule: board setup solder mask min width; error
    @(111.5133 mm, 106.7930 mm): Via [<no net>] on F.Cu - B.Cu
    @(111.9299 mm, 107.1194 mm): Pad 2 [Net-(U2-P0.2)] of R18 on B.Cu
[solder_mask_bridge]: Front solder mask aperture bridges items with different nets
    Rule: board setup solder mask min width; error
    @(111.2799 mm, 114.4194 mm): Via [<no net>] on F.Cu - B.Cu
    @(110.7299 mm, 114.1194 mm): Pad 1 [Net-(R52-~-Pad2)] of R53 on F.Cu
[solder_mask_bridge]: Front solder mask aperture bridges items with different nets
    Rule: board setup solder mask min width; error
    @(108.7549 mm, 105.5444 mm): Via [<no net>] on F.Cu - B.Cu
    @(109.3049 mm, 105.8444 mm): Pad 1 [Net-(R32-~-Pad2)] of R33 on F.Cu
[solder_mask_bridge]: Rear solder mask aperture bridges items with different nets
    Rule: board setup solder mask min width; error
    @(111.2799 mm, 105.5194 mm): Via [<no net>] on F.Cu - B.Cu
    @(110.7299 mm, 105.8194 mm): Pad 1 [Net-(R12-~-Pad2)] of R13 on B.Cu
[starved_thermal]: Thermal relief connection to zone incomplete (layer F.Cu; zone min spoke count 2; actual 1)
    Local override; error
    @(99.8000 mm, 100.2572 mm): Zone [GND] on F.Cu, priority 0
    @(105.0918 mm, 115.6503 mm): Pad 12 [GND] of U5 on F.Cu
[starved_thermal]: Thermal relief connection to zone incomplete (layer B.Cu; zone min spoke count 2; actual 1)
    Local override; error
    @(99.8000 mm, 100.2572 mm): Zone [GND] on B.Cu, priority 0
    @(113.4299 mm, 107.1194 mm): Pad 1 [GND] of R20 on B.Cu
[starved_thermal]: Thermal relief connection to zone incomplete (layer B.Cu; zone min spoke count 2; actual 1)
    Local override; error
    @(99.8000 mm, 100.2572 mm): Zone [GND] on B.Cu, priority 0
    @(113.2125 mm, 104.2765 mm): Pad 1 [GND] of R9 on B.Cu
[starved_thermal]: Thermal relief connection to zone incomplete (layer B.Cu; zone min spoke count 2; actual 1)
    Local override; error
    @(99.8000 mm, 100.2572 mm): Zone [GND] on B.Cu, priority 0
    @(106.6049 mm, 112.7944 mm): Pad 1 [GND] of R80 on B.Cu
[starved_thermal]: Thermal relief connection to zone incomplete (layer B.Cu; zone min spoke count 2; actual 1)
    Local override; error
    @(99.8000 mm, 100.2572 mm): Zone [GND] on B.Cu, priority 0
    @(109.7564 mm, 116.7276 mm): Pad 1 [GND] of R68 on B.Cu
[starved_thermal]: Thermal relief connection to zone incomplete (layer B.Cu; zone min spoke count 2; actual 1)
    Local override; error
    @(99.8000 mm, 100.2572 mm): Zone [GND] on B.Cu, priority 0
    @(106.8608 mm, 115.6100 mm): Pad 1 [GND] of R69 on B.Cu
[starved_thermal]: Thermal relief connection to zone incomplete (layer F.Cu; zone min spoke count 2; actual 1)
    Local override; error
    @(99.8000 mm, 100.2572 mm): Zone [GND] on F.Cu, priority 0
    @(110.2915 mm, 116.7276 mm): Pad 1 [GND] of R48 on F.Cu
[starved_thermal]: Thermal relief connection to zone incomplete (layer F.Cu; zone min spoke count 2; actual 1)
    Local override; error
    @(99.8000 mm, 100.2572 mm): Zone [GND] on F.Cu, priority 0
    @(113.3445 mm, 115.7218 mm): Pad 1 [GND] of R49 on F.Cu
[starved_thermal]: Thermal relief connection to zone incomplete (layer F.Cu; zone min spoke count 2; actual 1)
    Local override; error
    @(99.8000 mm, 100.2572 mm): Zone [GND] on F.Cu, priority 0
    @(106.8049 mm, 110.2444 mm): Pad 2 [GND] of C4 on F.Cu
[starved_thermal]: Thermal relief connection to zone incomplete (layer F.Cu; zone min spoke count 2; actual 1)
    Local override; error
    @(99.8000 mm, 100.2572 mm): Zone [GND] on F.Cu, priority 0
    @(105.0549 mm, 109.9944 mm): Pad 2 [GND] of C3 on F.Cu
[drill_out_of_range]: Hole size out of range (board setup constraints min hole 0.3302 mm; actual 0.3000 mm)
    Rule: board setup constraints; error
    @(118.6481 mm, 110.4046 mm): PTH pad 1 [VCC] of TP1
[drill_out_of_range]: Hole size out of range (board setup constraints min hole 0.3302 mm; actual 0.3000 mm)
    Rule: board setup constraints; error
    @(118.6481 mm, 111.2682 mm): PTH pad 1 [VCC] of TP1
[drill_out_of_range]: Hole size out of range (board setup constraints min hole 0.3302 mm; actual 0.3000 mm)
    Rule: board setup constraints; error
    @(119.3593 mm, 110.4046 mm): PTH pad 1 [VCC] of TP1
[drill_out_of_range]: Hole size out of range (board setup constraints min hole 0.3302 mm; actual 0.3000 mm)
    Rule: board setup constraints; error
    @(119.3593 mm, 111.2682 mm): PTH pad 1 [VCC] of TP1
[drill_out_of_range]: Hole size out of range (board setup constraints min hole 0.3302 mm; actual 0.3000 mm)
    Rule: board setup constraints; error
    @(118.6481 mm, 108.4626 mm): PTH pad 1 [GND] of TP2
[drill_out_of_range]: Hole size out of range (board setup constraints min hole 0.3302 mm; actual 0.3000 mm)
    Rule: board setup constraints; error
    @(118.6481 mm, 109.3262 mm): PTH pad 1 [GND] of TP2
[drill_out_of_range]: Hole size out of range (board setup constraints min hole 0.3302 mm; actual 0.3000 mm)
    Rule: board setup constraints; error
    @(119.3593 mm, 108.4626 mm): PTH pad 1 [GND] of TP2
[drill_out_of_range]: Hole size out of range (board setup constraints min hole 0.3302 mm; actual 0.3000 mm)
    Rule: board setup constraints; error
    @(119.3593 mm, 109.3262 mm): PTH pad 1 [GND] of TP2
[copper_edge_clearance]: Board edge clearance violation (board setup constraints edge clearance 0.0500 mm; actual 0.0000 mm)
    Rule: board setup constraints edge; error
    @(108.3810 mm, 98.8570 mm): Segment of OUT_A2 on Edge.Cuts
    @(108.0000 mm, 99.4000 mm): Pad 1 [/single esc 2/PHASE_A_0] of OUT_A2 on F.Cu
[copper_edge_clearance]: Board edge clearance violation (board setup constraints edge clearance 0.0500 mm; actual 0.0000 mm)
    Rule: board setup constraints edge; error
    @(108.3810 mm, 98.8570 mm): Segment of OUT_A2 on Edge.Cuts
    @(108.0000 mm, 99.4000 mm): Pad 1 [/single esc 2/PHASE_A_0] of OUT_A2 on B.Cu
[copper_edge_clearance]: Board edge clearance violation (board setup constraints edge clearance 0.0500 mm; actual 0.0000 mm)
    Rule: board setup constraints edge; error
    @(108.3810 mm, 98.8570 mm): Segment of OUT_A2 on Edge.Cuts
    @(108.0000 mm, 98.8316 mm): PTH pad 1 [/single esc 2/PHASE_A_0] of OUT_A2
[copper_edge_clearance]: Board edge clearance violation (board setup constraints edge clearance 0.0500 mm; actual 0.0000 mm)
    Rule: board setup constraints edge; error
    @(111.6190 mm, 120.6350 mm): Arc of OUT_A3 on Edge.Cuts
    @(112.0000 mm, 120.6000 mm): Pad 1 [/single esc 3/PHASE_A_0] of OUT_A3 on F.Cu
[copper_edge_clearance]: Board edge clearance violation (board setup constraints edge clearance 0.0500 mm; actual 0.0000 mm)
    Rule: board setup constraints edge; error
    @(111.6190 mm, 120.6350 mm): Arc of OUT_A3 on Edge.Cuts
    @(112.0000 mm, 120.6000 mm): Pad 1 [/single esc 3/PHASE_A_0] of OUT_A3 on B.Cu
[copper_edge_clearance]: Board edge clearance violation (board setup constraints edge clearance 0.0500 mm; actual 0.0000 mm)
    Rule: board setup constraints edge; error
    @(111.6190 mm, 120.6350 mm): Arc of OUT_A3 on Edge.Cuts
    @(112.0000 mm, 121.1684 mm): PTH pad 1 [/single esc 3/PHASE_A_0] of OUT_A3
[copper_edge_clearance]: Board edge clearance violation (board setup constraints edge clearance 0.0500 mm; actual 0.0000 mm)
    Rule: board setup constraints edge; error
    @(105.3810 mm, 98.8570 mm): Segment of OUT_B2 on Edge.Cuts
    @(105.0000 mm, 99.4000 mm): Pad 1 [/single esc 2/PHASE_B_0] of OUT_B2 on F.Cu
[copper_edge_clearance]: Board edge clearance violation (board setup constraints edge clearance 0.0500 mm; actual 0.0000 mm)
    Rule: board setup constraints edge; error
    @(105.3810 mm, 98.8570 mm): Segment of OUT_B2 on Edge.Cuts
    @(105.0000 mm, 99.4000 mm): Pad 1 [/single esc 2/PHASE_B_0] of OUT_B2 on B.Cu
[copper_edge_clearance]: Board edge clearance violation (board setup constraints edge clearance 0.0500 mm; actual 0.0000 mm)
    Rule: board setup constraints edge; error
    @(105.3810 mm, 98.8570 mm): Segment of OUT_B2 on Edge.Cuts
    @(105.0000 mm, 98.8316 mm): PTH pad 1 [/single esc 2/PHASE_B_0] of OUT_B2
[copper_edge_clearance]: Board edge clearance violation (board setup constraints edge clearance 0.0500 mm; actual 0.0000 mm)
    Rule: board setup constraints edge; error
    @(98.8570 mm, 104.6190 mm): Segment of OUT_C2 on Edge.Cuts
    @(99.4000 mm, 105.0000 mm): Pad 1 [/single esc 2/PHASE_C_0] of OUT_C2 on F.Cu
[copper_edge_clearance]: Board edge clearance violation (board setup constraints edge clearance 0.0500 mm; actual 0.0000 mm)
    Rule: board setup constraints edge; error
    @(98.8570 mm, 104.6190 mm): Segment of OUT_C2 on Edge.Cuts
    @(99.4000 mm, 105.0000 mm): Pad 1 [/single esc 2/PHASE_C_0] of OUT_C2 on B.Cu
[copper_edge_clearance]: Board edge clearance violation (board setup constraints edge clearance 0.0500 mm; actual 0.0000 mm)
    Rule: board setup constraints edge; error
    @(98.8570 mm, 104.6190 mm): Segment of OUT_C2 on Edge.Cuts
    @(98.8316 mm, 105.0000 mm): PTH pad 1 [/single esc 2/PHASE_C_0] of OUT_C2
[copper_edge_clearance]: Board edge clearance violation (board setup constraints edge clearance 0.0500 mm; actual 0.0000 mm)
    Rule: board setup constraints edge; error
    @(121.1430 mm, 115.3810 mm): Segment of OUT_C3 on Edge.Cuts
    @(120.6000 mm, 115.0000 mm): Pad 1 [/single esc 3/PHASE_C_0] of OUT_C3 on F.Cu
[copper_edge_clearance]: Board edge clearance violation (board setup constraints edge clearance 0.0500 mm; actual 0.0000 mm)
    Rule: board setup constraints edge; error
    @(121.1430 mm, 115.3810 mm): Segment of OUT_C3 on Edge.Cuts
    @(120.6000 mm, 115.0000 mm): Pad 1 [/single esc 3/PHASE_C_0] of OUT_C3 on B.Cu
[copper_edge_clearance]: Board edge clearance violation (board setup constraints edge clearance 0.0500 mm; actual 0.0000 mm)
    Rule: board setup constraints edge; error
    @(121.1430 mm, 115.3810 mm): Segment of OUT_C3 on Edge.Cuts
    @(121.1684 mm, 115.0000 mm): PTH pad 1 [/single esc 3/PHASE_C_0] of OUT_C3
[copper_edge_clearance]: Board edge clearance violation (board setup constraints edge clearance 0.0500 mm; actual 0.0000 mm)
    Rule: board setup constraints edge; error
    @(114.6190 mm, 121.1430 mm): Segment of OUT_B3 on Edge.Cuts
    @(115.0000 mm, 120.6000 mm): Pad 1 [/single esc 3/PHASE_B_0] of OUT_B3 on F.Cu
[copper_edge_clearance]: Board edge clearance violation (board setup constraints edge clearance 0.0500 mm; actual 0.0000 mm)
    Rule: board setup constraints edge; error
    @(114.6190 mm, 121.1430 mm): Segment of OUT_B3 on Edge.Cuts
    @(115.0000 mm, 120.6000 mm): Pad 1 [/single esc 3/PHASE_B_0] of OUT_B3 on B.Cu
[copper_edge_clearance]: Board edge clearance violation (board setup constraints edge clearance 0.0500 mm; actual 0.0000 mm)
    Rule: board setup constraints edge; error
    @(114.6190 mm, 121.1430 mm): Segment of OUT_B3 on Edge.Cuts
    @(115.0000 mm, 121.1684 mm): PTH pad 1 [/single esc 3/PHASE_B_0] of OUT_B3
[copper_edge_clearance]: Board edge clearance violation (board setup constraints edge clearance 0.0500 mm; actual 0.0000 mm)
    Rule: board setup constraints edge; error
    @(111.6190 mm, 98.8570 mm): Segment of OUT_A1 on Edge.Cuts
    @(112.0000 mm, 98.8316 mm): PTH pad 1 [/single esc 1/PHASE_A_0] of OUT_A1
[copper_edge_clearance]: Board edge clearance violation (board setup constraints edge clearance 0.0500 mm; actual 0.0000 mm)
    Rule: board setup constraints edge; error
    @(111.6190 mm, 98.8570 mm): Segment of OUT_A1 on Edge.Cuts
    @(112.0000 mm, 99.4000 mm): Pad 1 [/single esc 1/PHASE_A_0] of OUT_A1 on F.Cu
[copper_edge_clearance]: Board edge clearance violation (board setup constraints edge clearance 0.0500 mm; actual 0.0000 mm)
    Rule: board setup constraints edge; error
    @(111.6190 mm, 98.8570 mm): Segment of OUT_A1 on Edge.Cuts
    @(112.0000 mm, 99.4000 mm): Pad 1 [/single esc 1/PHASE_A_0] of OUT_A1 on B.Cu
[copper_edge_clearance]: Board edge clearance violation (board setup constraints edge clearance 0.0500 mm; actual 0.0000 mm)
    Rule: board setup constraints edge; error
    @(98.8570 mm, 115.3810 mm): Segment of OUT_C4 on Edge.Cuts
    @(98.8316 mm, 115.0000 mm): PTH pad 1 [/single esc 4/PHASE_C_0] of OUT_C4
[copper_edge_clearance]: Board edge clearance violation (board setup constraints edge clearance 0.0500 mm; actual 0.0000 mm)
    Rule: board setup constraints edge; error
    @(98.8570 mm, 115.3810 mm): Segment of OUT_C4 on Edge.Cuts
    @(99.4000 mm, 115.0000 mm): Pad 1 [/single esc 4/PHASE_C_0] of OUT_C4 on F.Cu
[copper_edge_clearance]: Board edge clearance violation (board setup constraints edge clearance 0.0500 mm; actual 0.0000 mm)
    Rule: board setup constraints edge; error
    @(98.8570 mm, 115.3810 mm): Segment of OUT_C4 on Edge.Cuts
    @(99.4000 mm, 115.0000 mm): Pad 1 [/single esc 4/PHASE_C_0] of OUT_C4 on B.Cu
[copper_edge_clearance]: Board edge clearance violation (board setup constraints edge clearance 0.0500 mm; actual 0.0000 mm)
    Rule: board setup constraints edge; error
    @(114.6190 mm, 98.8570 mm): Segment of OUT_B1 on Edge.Cuts
    @(115.0000 mm, 98.8316 mm): PTH pad 1 [/single esc 1/PHASE_B_0] of OUT_B1
[copper_edge_clearance]: Board edge clearance violation (board setup constraints edge clearance 0.0500 mm; actual 0.0000 mm)
    Rule: board setup constraints edge; error
    @(114.6190 mm, 98.8570 mm): Segment of OUT_B1 on Edge.Cuts
    @(115.0000 mm, 99.4000 mm): Pad 1 [/single esc 1/PHASE_B_0] of OUT_B1 on F.Cu
[copper_edge_clearance]: Board edge clearance violation (board setup constraints edge clearance 0.0500 mm; actual 0.0000 mm)
    Rule: board setup constraints edge; error
    @(114.6190 mm, 98.8570 mm): Segment of OUT_B1 on Edge.Cuts
    @(115.0000 mm, 99.4000 mm): Pad 1 [/single esc 1/PHASE_B_0] of OUT_B1 on B.Cu
[copper_edge_clearance]: Board edge clearance violation (board setup constraints edge clearance 0.0500 mm; actual 0.0000 mm)
    Rule: board setup constraints edge; error
    @(105.3810 mm, 121.1430 mm): Segment of OUT_B4 on Edge.Cuts
    @(105.0000 mm, 121.1684 mm): PTH pad 1 [/single esc 4/PHASE_B_0] of OUT_B4
[copper_edge_clearance]: Board edge clearance violation (board setup constraints edge clearance 0.0500 mm; actual 0.0000 mm)
    Rule: board setup constraints edge; error
    @(105.3810 mm, 121.1430 mm): Segment of OUT_B4 on Edge.Cuts
    @(105.0000 mm, 120.6000 mm): Pad 1 [/single esc 4/PHASE_B_0] of OUT_B4 on F.Cu
[copper_edge_clearance]: Board edge clearance violation (board setup constraints edge clearance 0.0500 mm; actual 0.0000 mm)
    Rule: board setup constraints edge; error
    @(105.3810 mm, 121.1430 mm): Segment of OUT_B4 on Edge.Cuts
    @(105.0000 mm, 120.6000 mm): Pad 1 [/single esc 4/PHASE_B_0] of OUT_B4 on B.Cu
[copper_edge_clearance]: Board edge clearance violation (board setup constraints edge clearance 0.0500 mm; actual 0.0000 mm)
    Rule: board setup constraints edge; error
    @(120.6350 mm, 104.6190 mm): Arc of OUT_C1 on Edge.Cuts
    @(121.1684 mm, 105.0000 mm): PTH pad 1 [/single esc 1/PHASE_C_0] of OUT_C1
[copper_edge_clearance]: Board edge clearance violation (board setup constraints edge clearance 0.0500 mm; actual 0.0000 mm)
    Rule: board setup constraints edge; error
    @(120.6350 mm, 104.6190 mm): Arc of OUT_C1 on Edge.Cuts
    @(120.6000 mm, 105.0000 mm): Pad 1 [/single esc 1/PHASE_C_0] of OUT_C1 on F.Cu
[copper_edge_clearance]: Board edge clearance violation (board setup constraints edge clearance 0.0500 mm; actual 0.0000 mm)
    Rule: board setup constraints edge; error
    @(120.6350 mm, 104.6190 mm): Arc of OUT_C1 on Edge.Cuts
    @(120.6000 mm, 105.0000 mm): Pad 1 [/single esc 1/PHASE_C_0] of OUT_C1 on B.Cu
[copper_edge_clearance]: Board edge clearance violation (board setup constraints edge clearance 0.0500 mm; actual 0.0000 mm)
    Rule: board setup constraints edge; error
    @(108.3810 mm, 121.1430 mm): Segment of OUT_A4 on Edge.Cuts
    @(108.0000 mm, 121.1684 mm): PTH pad 1 [/single esc 4/PHASE_A_0] of OUT_A4
[copper_edge_clearance]: Board edge clearance violation (board setup constraints edge clearance 0.0500 mm; actual 0.0000 mm)
    Rule: board setup constraints edge; error
    @(108.3810 mm, 121.1430 mm): Segment of OUT_A4 on Edge.Cuts
    @(108.0000 mm, 120.6000 mm): Pad 1 [/single esc 4/PHASE_A_0] of OUT_A4 on F.Cu
[copper_edge_clearance]: Board edge clearance violation (board setup constraints edge clearance 0.0500 mm; actual 0.0000 mm)
    Rule: board setup constraints edge; error
    @(108.3810 mm, 121.1430 mm): Segment of OUT_A4 on Edge.Cuts
    @(108.0000 mm, 120.6000 mm): Pad 1 [/single esc 4/PHASE_A_0] of OUT_A4 on B.Cu
[copper_edge_clearance]: Board edge clearance violation (board setup constraints edge clearance 0.0500 mm; actual 0.0000 mm)
    Rule: board setup constraints edge; error
    @(120.0000 mm, 113.5944 mm): Segment on Edge.Cuts
    @(120.0451 mm, 110.8364 mm): PTH pad 1 [VCC] of TP1
[copper_edge_clearance]: Board edge clearance violation (board setup constraints edge clearance 0.0500 mm; actual 0.0000 mm)
    Rule: board setup constraints edge; error
    @(120.0000 mm, 113.5944 mm): Segment on Edge.Cuts
    @(120.0451 mm, 108.8944 mm): PTH pad 1 [GND] of TP2
[courtyards_overlap]: Courtyards overlap
    Rule: board setup constraints courtyard; error
    @(112.3799 mm, 107.1194 mm): Footprint R18
    @(113.7485 mm, 106.1580 mm): Footprint R19
[courtyards_overlap]: Courtyards overlap
    Rule: board setup constraints courtyard; error
    @(112.3799 mm, 107.1194 mm): Footprint R18
    @(113.8799 mm, 107.1194 mm): Footprint R20
[courtyards_overlap]: Courtyards overlap
    Rule: board setup constraints courtyard; error
    @(113.7485 mm, 106.1580 mm): Footprint R19
    @(113.8799 mm, 107.1194 mm): Footprint R20
[courtyards_overlap]: Courtyards overlap
    Rule: board setup constraints courtyard; error
    @(113.7485 mm, 106.1580 mm): Footprint R19
    @(112.3299 mm, 105.2194 mm): Footprint R12
[courtyards_overlap]: Courtyards overlap
    Rule: board setup constraints courtyard; error
    @(113.7485 mm, 106.1580 mm): Footprint R19
    @(113.8799 mm, 105.2194 mm): Footprint R14
[courtyards_overlap]: Courtyards overlap
    Rule: board setup constraints courtyard; error
    @(113.7485 mm, 106.1580 mm): Footprint R19
    @(115.4799 mm, 105.2194 mm): Footprint R15
[courtyards_overlap]: Courtyards overlap
    Rule: board setup constraints courtyard; error
    @(113.7485 mm, 106.1580 mm): Footprint R19
    @(115.3487 mm, 106.1580 mm): Footprint R17
[courtyards_overlap]: Courtyards overlap
    Rule: board setup constraints courtyard; error
    @(113.8799 mm, 107.1194 mm): Footprint R20
    @(115.3487 mm, 106.1580 mm): Footprint R17
[courtyards_overlap]: Courtyards overlap
    Rule: board setup constraints courtyard; error
    @(115.2068 mm, 104.2511 mm): Footprint R4
    @(116.7562 mm, 104.2918 mm): Footprint R5
[courtyards_overlap]: Courtyards overlap
    Rule: board setup constraints courtyard; error
    @(115.2068 mm, 104.2511 mm): Footprint R4
    @(113.6625 mm, 104.2765 mm): Footprint R9
[courtyards_overlap]: Courtyards overlap
    Rule: board setup constraints courtyard; error
    @(115.2068 mm, 104.2511 mm): Footprint R4
    @(113.8799 mm, 105.2194 mm): Footprint R14
[courtyards_overlap]: Courtyards overlap
    Rule: board setup constraints courtyard; error
    @(115.2068 mm, 104.2511 mm): Footprint R4
    @(115.4799 mm, 105.2194 mm): Footprint R15
[courtyards_overlap]: Courtyards overlap
    Rule: board setup constraints courtyard; error
    @(115.2068 mm, 104.2511 mm): Footprint R4
    @(114.3914 mm, 103.0243 mm): Footprint R6
[courtyards_overlap]: Courtyards overlap
    Rule: board setup constraints courtyard; error
    @(116.7562 mm, 104.2918 mm): Footprint R5
    @(118.2624 mm, 104.3019 mm): Footprint R10
[courtyards_overlap]: Courtyards overlap
    Rule: board setup constraints courtyard; error
    @(116.7562 mm, 104.2918 mm): Footprint R5
    @(115.4799 mm, 105.2194 mm): Footprint R15
[courtyards_overlap]: Courtyards overlap
    Rule: board setup constraints courtyard; error
    @(116.7562 mm, 104.2918 mm): Footprint R5
    @(118.1100 mm, 106.0088 mm): Footprint T3
[courtyards_overlap]: Courtyards overlap
    Rule: board setup constraints courtyard; error
    @(110.3833 mm, 103.6390 mm): Footprint R8
    @(110.7299 mm, 105.3694 mm): Footprint R13
[courtyards_overlap]: Courtyards overlap
    Rule: board setup constraints courtyard; error
    @(110.3833 mm, 103.6390 mm): Footprint R8
    @(110.8558 mm, 101.7924 mm): Footprint T1
[courtyards_overlap]: Courtyards overlap
    Rule: board setup constraints courtyard; error
    @(113.6625 mm, 104.2765 mm): Footprint R9
    @(112.3299 mm, 105.2194 mm): Footprint R12
[courtyards_overlap]: Courtyards overlap
    Rule: board setup constraints courtyard; error
    @(113.6625 mm, 104.2765 mm): Footprint R9
    @(113.8799 mm, 105.2194 mm): Footprint R14
[courtyards_overlap]: Courtyards overlap
    Rule: board setup constraints courtyard; error
    @(113.6625 mm, 104.2765 mm): Footprint R9
    @(115.4799 mm, 105.2194 mm): Footprint R15
[courtyards_overlap]: Courtyards overlap
    Rule: board setup constraints courtyard; error
    @(113.6625 mm, 104.2765 mm): Footprint R9
    @(112.6998 mm, 102.3664 mm): Footprint R11
[courtyards_overlap]: Courtyards overlap
    Rule: board setup constraints courtyard; error
    @(113.6625 mm, 104.2765 mm): Footprint R9
    @(114.3914 mm, 103.0243 mm): Footprint R6
[courtyards_overlap]: Courtyards overlap
    Rule: board setup constraints courtyard; error
    @(118.2624 mm, 104.3019 mm): Footprint R10
    @(118.1100 mm, 106.0088 mm): Footprint T3
[courtyards_overlap]: Courtyards overlap
    Rule: board setup constraints courtyard; error
    @(107.6299 mm, 106.8944 mm): Footprint R38
    @(106.2549 mm, 105.9444 mm): Footprint R39
[courtyards_overlap]: Courtyards overlap
    Rule: board setup constraints courtyard; error
    @(107.6299 mm, 106.8944 mm): Footprint R38
    @(106.1549 mm, 106.8944 mm): Footprint R40
[courtyards_overlap]: Courtyards overlap
    Rule: board setup constraints courtyard; error
    @(106.2549 mm, 105.9444 mm): Footprint R39
    @(106.1549 mm, 106.8944 mm): Footprint R40
[courtyards_overlap]: Courtyards overlap
    Rule: board setup constraints courtyard; error
    @(106.2549 mm, 105.9444 mm): Footprint R39
    @(107.7299 mm, 105.0944 mm): Footprint R32
[courtyards_overlap]: Courtyards overlap
    Rule: board setup constraints courtyard; error
    @(106.2549 mm, 105.9444 mm): Footprint R39
    @(106.2549 mm, 105.0944 mm): Footprint R34
[courtyards_overlap]: Courtyards overlap
    Rule: board setup constraints courtyard; error
    @(106.2549 mm, 105.9444 mm): Footprint R39
    @(104.5549 mm, 105.2444 mm): Footprint R35
[courtyards_overlap]: Courtyards overlap
    Rule: board setup constraints courtyard; error
    @(106.2549 mm, 105.9444 mm): Footprint R39
    @(104.6861 mm, 106.1830 mm): Footprint R37
[courtyards_overlap]: Courtyards overlap
    Rule: board setup constraints courtyard; error
    @(106.1549 mm, 106.8944 mm): Footprint R40
    @(104.6734 mm, 107.8630 mm): Footprint R21
[courtyards_overlap]: Courtyards overlap
    Rule: board setup constraints courtyard; error
    @(106.1549 mm, 106.8944 mm): Footprint R40
    @(104.6861 mm, 106.1830 mm): Footprint R37
[courtyards_overlap]: Courtyards overlap
    Rule: board setup constraints courtyard; error
    @(104.8588 mm, 104.2562 mm): Footprint R24
    @(103.2049 mm, 104.3444 mm): Footprint R25
[courtyards_overlap]: Courtyards overlap
    Rule: board setup constraints courtyard; error
    @(104.8588 mm, 104.2562 mm): Footprint R24
    @(106.4438 mm, 104.2765 mm): Footprint R29
[courtyards_overlap]: Courtyards overlap
    Rule: board setup constraints courtyard; error
    @(104.8588 mm, 104.2562 mm): Footprint R24
    @(106.2549 mm, 105.0944 mm): Footprint R34
[courtyards_overlap]: Courtyards overlap
    Rule: board setup constraints courtyard; error
    @(104.8588 mm, 104.2562 mm): Footprint R24
    @(104.5549 mm, 105.2444 mm): Footprint R35
[courtyards_overlap]: Courtyards overlap
    Rule: board setup constraints courtyard; error
    @(104.8588 mm, 104.2562 mm): Footprint R24
    @(105.4938 mm, 103.0319 mm): Footprint R26
[courtyards_overlap]: Courtyards overlap
    Rule: board setup constraints courtyard; error
    @(103.2049 mm, 104.3444 mm): Footprint R25
    @(101.7549 mm, 104.3444 mm): Footprint R30
[courtyards_overlap]: Courtyards overlap
    Rule: board setup constraints courtyard; error
    @(103.2049 mm, 104.3444 mm): Footprint R25
    @(104.5549 mm, 105.2444 mm): Footprint R35
[courtyards_overlap]: Courtyards overlap
    Rule: board setup constraints courtyard; error
    @(103.2049 mm, 104.3444 mm): Footprint R25
    @(101.7549 mm, 105.9944 mm): Footprint T6
[courtyards_overlap]: Courtyards overlap
    Rule: board setup constraints courtyard; error
    @(109.4791 mm, 103.3621 mm): Footprint R28
    @(109.1768 mm, 101.7822 mm): Footprint T4
[courtyards_overlap]: Courtyards overlap
    Rule: board setup constraints courtyard; error
    @(106.4438 mm, 104.2765 mm): Footprint R29
    @(107.7299 mm, 105.0944 mm): Footprint R32
[courtyards_overlap]: Courtyards overlap
    Rule: board setup constraints courtyard; error
    @(106.4438 mm, 104.2765 mm): Footprint R29
    @(106.2549 mm, 105.0944 mm): Footprint R34
[courtyards_overlap]: Courtyards overlap
    Rule: board setup constraints courtyard; error
    @(106.4438 mm, 104.2765 mm): Footprint R29
    @(104.5549 mm, 105.2444 mm): Footprint R35
[courtyards_overlap]: Courtyards overlap
    Rule: board setup constraints courtyard; error
    @(106.4438 mm, 104.2765 mm): Footprint R29
    @(107.3049 mm, 102.3944 mm): Footprint R31
[courtyards_overlap]: Courtyards overlap
    Rule: board setup constraints courtyard; error
    @(106.4438 mm, 104.2765 mm): Footprint R29
    @(105.4938 mm, 103.0319 mm): Footprint R26
[courtyards_overlap]: Courtyards overlap
    Rule: board setup constraints courtyard; error
    @(101.7549 mm, 104.3444 mm): Footprint R30
    @(101.7549 mm, 105.9944 mm): Footprint T6
[courtyards_overlap]: Courtyards overlap
    Rule: board setup constraints courtyard; error
    @(112.4049 mm, 113.0444 mm): Footprint R58
    @(113.7549 mm, 113.9944 mm): Footprint R59
[courtyards_overlap]: Courtyards overlap
    Rule: board setup constraints courtyard; error
    @(112.4049 mm, 113.0444 mm): Footprint R58
    @(113.8799 mm, 113.0444 mm): Footprint R60
[courtyards_overlap]: Courtyards overlap
    Rule: board setup constraints courtyard; error
    @(113.7549 mm, 113.9944 mm): Footprint R59
    @(113.8799 mm, 113.0444 mm): Footprint R60
[courtyards_overlap]: Courtyards overlap
    Rule: board setup constraints courtyard; error
    @(113.7549 mm, 113.9944 mm): Footprint R59
    @(112.2799 mm, 114.8944 mm): Footprint R52
[courtyards_overlap]: Courtyards overlap
    Rule: board setup constraints courtyard; error
    @(113.7549 mm, 113.9944 mm): Footprint R59
    @(113.7549 mm, 114.8944 mm): Footprint R54
[courtyards_overlap]: Courtyards overlap
    Rule: board setup constraints courtyard; error
    @(113.7549 mm, 113.9944 mm): Footprint R59
    @(115.4799 mm, 114.7194 mm): Footprint R55
[courtyards_overlap]: Courtyards overlap
    Rule: board setup constraints courtyard; error
    @(113.7549 mm, 113.9944 mm): Footprint R59
    @(115.3487 mm, 113.7808 mm): Footprint R57
[courtyards_overlap]: Courtyards overlap
    Rule: board setup constraints courtyard; error
    @(113.8799 mm, 113.0444 mm): Footprint R60
    @(115.3487 mm, 113.7808 mm): Footprint R57
[courtyards_overlap]: Courtyards overlap
    Rule: board setup constraints courtyard; error
    @(115.3135 mm, 115.7573 mm): Footprint R44
    @(116.9086 mm, 115.7014 mm): Footprint R45
[courtyards_overlap]: Courtyards overlap
    Rule: board setup constraints courtyard; error
    @(115.3135 mm, 115.7573 mm): Footprint R44
    @(113.7945 mm, 115.7218 mm): Footprint R49
[courtyards_overlap]: Courtyards overlap
    Rule: board setup constraints courtyard; error
    @(115.3135 mm, 115.7573 mm): Footprint R44
    @(113.7549 mm, 114.8944 mm): Footprint R54
[courtyards_overlap]: Courtyards overlap
    Rule: board setup constraints courtyard; error
    @(115.3135 mm, 115.7573 mm): Footprint R44
    @(115.4799 mm, 114.7194 mm): Footprint R55
[courtyards_overlap]: Courtyards overlap
    Rule: board setup constraints courtyard; error
    @(115.3135 mm, 115.7573 mm): Footprint R44
    @(114.5515 mm, 116.9562 mm): Footprint R46
[courtyards_overlap]: Courtyards overlap
    Rule: board setup constraints courtyard; error
    @(116.9086 mm, 115.7014 mm): Footprint R45
    @(118.4072 mm, 115.7014 mm): Footprint R50
[courtyards_overlap]: Courtyards overlap
    Rule: board setup constraints courtyard; error
    @(116.9086 mm, 115.7014 mm): Footprint R45
    @(115.4799 mm, 114.7194 mm): Footprint R55
[courtyards_overlap]: Courtyards overlap
    Rule: board setup constraints courtyard; error
    @(116.9086 mm, 115.7014 mm): Footprint R45
    @(118.3056 mm, 113.9742 mm): Footprint T9
[courtyards_overlap]: Courtyards overlap
    Rule: board setup constraints courtyard; error
    @(110.7415 mm, 116.7276 mm): Footprint R48
    @(111.0259 mm, 118.3024 mm): Footprint T7
[courtyards_overlap]: Courtyards overlap
    Rule: board setup constraints courtyard; error
    @(113.7945 mm, 115.7218 mm): Footprint R49
    @(112.2799 mm, 114.8944 mm): Footprint R52
[courtyards_overlap]: Courtyards overlap
    Rule: board setup constraints courtyard; error
    @(113.7945 mm, 115.7218 mm): Footprint R49
    @(113.7549 mm, 114.8944 mm): Footprint R54
[courtyards_overlap]: Courtyards overlap
    Rule: board setup constraints courtyard; error
    @(113.7945 mm, 115.7218 mm): Footprint R49
    @(115.4799 mm, 114.7194 mm): Footprint R55
[courtyards_overlap]: Courtyards overlap
    Rule: board setup constraints courtyard; error
    @(113.7945 mm, 115.7218 mm): Footprint R49
    @(112.7684 mm, 117.4947 mm): Footprint R51
[courtyards_overlap]: Courtyards overlap
    Rule: board setup constraints courtyard; error
    @(113.7945 mm, 115.7218 mm): Footprint R49
    @(114.5515 mm, 116.9562 mm): Footprint R46
[courtyards_overlap]: Courtyards overlap
    Rule: board setup constraints courtyard; error
    @(118.4072 mm, 115.7014 mm): Footprint R50
    @(118.3056 mm, 113.9742 mm): Footprint T9
[courtyards_overlap]: Courtyards overlap
    Rule: board setup constraints courtyard; error
    @(107.6549 mm, 112.7944 mm): Footprint R78
    @(106.2863 mm, 113.7558 mm): Footprint R79
[courtyards_overlap]: Courtyards overlap
    Rule: board setup constraints courtyard; error
    @(107.6549 mm, 112.7944 mm): Footprint R78
    @(106.1549 mm, 112.7944 mm): Footprint R80
[courtyards_overlap]: Courtyards overlap
    Rule: board setup constraints courtyard; error
    @(106.2863 mm, 113.7558 mm): Footprint R79
    @(106.1549 mm, 112.7944 mm): Footprint R80
[courtyards_overlap]: Courtyards overlap
    Rule: board setup constraints courtyard; error
    @(106.2863 mm, 113.7558 mm): Footprint R79
    @(107.7049 mm, 114.6944 mm): Footprint R72
[courtyards_overlap]: Courtyards overlap
    Rule: board setup constraints courtyard; error
    @(106.2863 mm, 113.7558 mm): Footprint R79
    @(106.1549 mm, 114.6944 mm): Footprint R74
[courtyards_overlap]: Courtyards overlap
    Rule: board setup constraints courtyard; error
    @(106.2863 mm, 113.7558 mm): Footprint R79
    @(104.5549 mm, 114.6944 mm): Footprint R75
[courtyards_overlap]: Courtyards overlap
    Rule: board setup constraints courtyard; error
    @(106.2863 mm, 113.7558 mm): Footprint R79
    @(104.6861 mm, 113.7558 mm): Footprint R77
[courtyards_overlap]: Courtyards overlap
    Rule: board setup constraints courtyard; error
    @(106.1549 mm, 112.7944 mm): Footprint R80
    @(104.6861 mm, 113.7558 mm): Footprint R77
[courtyards_overlap]: Courtyards overlap
    Rule: board setup constraints courtyard; error
    @(104.7902 mm, 115.6075 mm): Footprint R64
    @(102.9564 mm, 115.4678 mm): Footprint R65
[courtyards_overlap]: Courtyards overlap
    Rule: board setup constraints courtyard; error
    @(104.7902 mm, 115.6075 mm): Footprint R64
    @(106.4108 mm, 115.6100 mm): Footprint R69
[courtyards_overlap]: Courtyards overlap
    Rule: board setup constraints courtyard; error
    @(104.7902 mm, 115.6075 mm): Footprint R64
    @(106.1549 mm, 114.6944 mm): Footprint R74
[courtyards_overlap]: Courtyards overlap
    Rule: board setup constraints courtyard; error
    @(104.7902 mm, 115.6075 mm): Footprint R64
    @(104.5549 mm, 114.6944 mm): Footprint R75
[courtyards_overlap]: Courtyards overlap
    Rule: board setup constraints courtyard; error
    @(104.7902 mm, 115.6075 mm): Footprint R64
    @(105.4329 mm, 116.9029 mm): Footprint R66
[courtyards_overlap]: Courtyards overlap
    Rule: board setup constraints courtyard; error
    @(102.9564 mm, 115.4678 mm): Footprint R65
    @(101.5492 mm, 115.4779 mm): Footprint R70
[courtyards_overlap]: Courtyards overlap
    Rule: board setup constraints courtyard; error
    @(102.9564 mm, 115.4678 mm): Footprint R65
    @(104.5549 mm, 114.6944 mm): Footprint R75
[courtyards_overlap]: Courtyards overlap
    Rule: board setup constraints courtyard; error
    @(102.9564 mm, 115.4678 mm): Footprint R65
    @(101.8032 mm, 113.8726 mm): Footprint T12
[courtyards_overlap]: Courtyards overlap
    Rule: board setup constraints courtyard; error
    @(109.3064 mm, 116.7276 mm): Footprint R68
    @(109.0168 mm, 118.3303 mm): Footprint T10
[courtyards_overlap]: Courtyards overlap
    Rule: board setup constraints courtyard; error
    @(106.4108 mm, 115.6100 mm): Footprint R69
    @(107.7049 mm, 114.6944 mm): Footprint R72
[courtyards_overlap]: Courtyards overlap
    Rule: board setup constraints courtyard; error
    @(106.4108 mm, 115.6100 mm): Footprint R69
    @(106.1549 mm, 114.6944 mm): Footprint R74
[courtyards_overlap]: Courtyards overlap
    Rule: board setup constraints courtyard; error
    @(106.4108 mm, 115.6100 mm): Footprint R69
    @(104.5549 mm, 114.6944 mm): Footprint R75
[courtyards_overlap]: Courtyards overlap
    Rule: board setup constraints courtyard; error
    @(106.4108 mm, 115.6100 mm): Footprint R69
    @(107.1982 mm, 117.5125 mm): Footprint R71
[courtyards_overlap]: Courtyards overlap
    Rule: board setup constraints courtyard; error
    @(106.4108 mm, 115.6100 mm): Footprint R69
    @(105.4329 mm, 116.9029 mm): Footprint R66
[courtyards_overlap]: Courtyards overlap
    Rule: board setup constraints courtyard; error
    @(101.5492 mm, 115.4779 mm): Footprint R70
    @(101.8032 mm, 113.8726 mm): Footprint T12
[courtyards_overlap]: Courtyards overlap
    Rule: board setup constraints courtyard; error
    @(112.3299 mm, 105.2194 mm): Footprint R12
    @(113.8799 mm, 105.2194 mm): Footprint R14
[courtyards_overlap]: Courtyards overlap
    Rule: board setup constraints courtyard; error
    @(110.7299 mm, 105.3694 mm): Footprint R13
    @(110.7549 mm, 106.8944 mm): Footprint R16
[courtyards_overlap]: Courtyards overlap
    Rule: board setup constraints courtyard; error
    @(110.7299 mm, 105.3694 mm): Footprint R13
    @(109.6899 mm, 105.6278 mm): Footprint R22
[courtyards_overlap]: Courtyards overlap
    Rule: board setup constraints courtyard; error
    @(113.8799 mm, 105.2194 mm): Footprint R14
    @(115.4799 mm, 105.2194 mm): Footprint R15
[courtyards_overlap]: Courtyards overlap
    Rule: board setup constraints courtyard; error
    @(113.8799 mm, 105.2194 mm): Footprint R14
    @(115.3487 mm, 106.1580 mm): Footprint R17
[courtyards_overlap]: Courtyards overlap
    Rule: board setup constraints courtyard; error
    @(115.4799 mm, 105.2194 mm): Footprint R15
    @(115.3487 mm, 106.1580 mm): Footprint R17
[courtyards_overlap]: Courtyards overlap
    Rule: board setup constraints courtyard; error
    @(110.7549 mm, 106.8944 mm): Footprint R16
    @(109.6899 mm, 105.6278 mm): Footprint R22
[courtyards_overlap]: Courtyards overlap
    Rule: board setup constraints courtyard; error
    @(104.6734 mm, 107.8630 mm): Footprint R21
    @(102.8573 mm, 109.8315 mm): Footprint U1
[courtyards_overlap]: Courtyards overlap
    Rule: board setup constraints courtyard; error
    @(107.7299 mm, 105.0944 mm): Footprint R32
    @(109.3049 mm, 105.3944 mm): Footprint R33
[courtyards_overlap]: Courtyards overlap
    Rule: board setup constraints courtyard; error
    @(107.7299 mm, 105.0944 mm): Footprint R32
    @(106.2549 mm, 105.0944 mm): Footprint R34
[courtyards_overlap]: Courtyards overlap
    Rule: board setup constraints courtyard; error
    @(109.3049 mm, 105.3944 mm): Footprint R33
    @(109.2799 mm, 106.8944 mm): Footprint R36
[courtyards_overlap]: Courtyards overlap
    Rule: board setup constraints courtyard; error
    @(109.3049 mm, 105.3944 mm): Footprint R33
    @(110.4299 mm, 105.6444 mm): Footprint R2
[courtyards_overlap]: Courtyards overlap
    Rule: board setup constraints courtyard; error
    @(106.2549 mm, 105.0944 mm): Footprint R34
    @(104.5549 mm, 105.2444 mm): Footprint R35
[courtyards_overlap]: Courtyards overlap
    Rule: board setup constraints courtyard; error
    @(106.2549 mm, 105.0944 mm): Footprint R34
    @(104.6861 mm, 106.1830 mm): Footprint R37
[courtyards_overlap]: Courtyards overlap
    Rule: board setup constraints courtyard; error
    @(104.5549 mm, 105.2444 mm): Footprint R35
    @(104.6861 mm, 106.1830 mm): Footprint R37
[courtyards_overlap]: Courtyards overlap
    Rule: board setup constraints courtyard; error
    @(109.2799 mm, 106.8944 mm): Footprint R36
    @(110.4299 mm, 105.6444 mm): Footprint R2
[courtyards_overlap]: Courtyards overlap
    Rule: board setup constraints courtyard; error
    @(112.2799 mm, 114.8944 mm): Footprint R52
    @(110.7299 mm, 114.5694 mm): Footprint R53
[courtyards_overlap]: Courtyards overlap
    Rule: board setup constraints courtyard; error
    @(112.2799 mm, 114.8944 mm): Footprint R52
    @(113.7549 mm, 114.8944 mm): Footprint R54
[courtyards_overlap]: Courtyards overlap
    Rule: board setup constraints courtyard; error
    @(110.7299 mm, 114.5694 mm): Footprint R53
    @(110.7299 mm, 112.9694 mm): Footprint R56
[courtyards_overlap]: Courtyards overlap
    Rule: board setup constraints courtyard; error
    @(110.7299 mm, 114.5694 mm): Footprint R53
    @(109.5299 mm, 114.3194 mm): Footprint R62
[courtyards_overlap]: Courtyards overlap
    Rule: board setup constraints courtyard; error
    @(113.7549 mm, 114.8944 mm): Footprint R54
    @(115.4799 mm, 114.7194 mm): Footprint R55
[courtyards_overlap]: Courtyards overlap
    Rule: board setup constraints courtyard; error
    @(113.7549 mm, 114.8944 mm): Footprint R54
    @(115.3487 mm, 113.7808 mm): Footprint R57
[courtyards_overlap]: Courtyards overlap
    Rule: board setup constraints courtyard; error
    @(115.4799 mm, 114.7194 mm): Footprint R55
    @(115.3487 mm, 113.7808 mm): Footprint R57
[courtyards_overlap]: Courtyards overlap
    Rule: board setup constraints courtyard; error
    @(110.7299 mm, 112.9694 mm): Footprint R56
    @(109.5299 mm, 114.3194 mm): Footprint R62
[courtyards_overlap]: Courtyards overlap
    Rule: board setup constraints courtyard; error
    @(104.6099 mm, 111.6095 mm): Footprint R61
    @(105.0549 mm, 110.4444 mm): Footprint C3
[courtyards_overlap]: Courtyards overlap
    Rule: board setup constraints courtyard; error
    @(104.6099 mm, 111.6095 mm): Footprint R61
    @(106.0196 mm, 111.6984 mm): Footprint C17
[courtyards_overlap]: Courtyards overlap
    Rule: board setup constraints courtyard; error
    @(104.6099 mm, 111.6095 mm): Footprint R61
    @(102.8573 mm, 109.8315 mm): Footprint U1
[courtyards_overlap]: Courtyards overlap
    Rule: board setup constraints courtyard; error
    @(107.7049 mm, 114.6944 mm): Footprint R72
    @(106.1549 mm, 114.6944 mm): Footprint R74
[courtyards_overlap]: Courtyards overlap
    Rule: board setup constraints courtyard; error
    @(109.3049 mm, 114.5444 mm): Footprint R73
    @(109.3049 mm, 112.9444 mm): Footprint R76
[courtyards_overlap]: Courtyards overlap
    Rule: board setup constraints courtyard; error
    @(109.3049 mm, 114.5444 mm): Footprint R73
    @(110.4036 mm, 115.0893 mm): Footprint R42
[courtyards_overlap]: Courtyards overlap
    Rule: board setup constraints courtyard; error
    @(106.1549 mm, 114.6944 mm): Footprint R74
    @(104.5549 mm, 114.6944 mm): Footprint R75
[courtyards_overlap]: Courtyards overlap
    Rule: board setup constraints courtyard; error
    @(106.1549 mm, 114.6944 mm): Footprint R74
    @(104.6861 mm, 113.7558 mm): Footprint R77
[courtyards_overlap]: Courtyards overlap
    Rule: board setup constraints courtyard; error
    @(104.5549 mm, 114.6944 mm): Footprint R75
    @(104.6861 mm, 113.7558 mm): Footprint R77
[courtyards_overlap]: Courtyards overlap
    Rule: board setup constraints courtyard; error
    @(115.0049 mm, 110.0000 mm): Footprint C7
    @(113.7549 mm, 110.0000 mm): Footprint C14
[courtyards_overlap]: Courtyards overlap
    Rule: board setup constraints courtyard; error
    @(115.0049 mm, 110.0000 mm): Footprint C7
    @(116.2549 mm, 110.0000 mm): Footprint C2
[courtyards_overlap]: Courtyards overlap
    Rule: board setup constraints courtyard; error
    @(115.0049 mm, 110.0000 mm): Footprint C7
    @(114.3299 mm, 111.6194 mm): Footprint C13
[courtyards_overlap]: Courtyards overlap
    Rule: board setup constraints courtyard; error
    @(102.5049 mm, 110.0000 mm): Footprint C8
    @(103.7549 mm, 110.0000 mm): Footprint C16
[courtyards_overlap]: Courtyards overlap
    Rule: board setup constraints courtyard; error
    @(102.5049 mm, 110.0000 mm): Footprint C8
    @(101.0049 mm, 108.8444 mm): Footprint C1
[courtyards_overlap]: Courtyards overlap
    Rule: board setup constraints courtyard; error
    @(110.0049 mm, 110.0000 mm): Footprint C10
    @(108.7549 mm, 110.0000 mm): Footprint C11
[courtyards_overlap]: Courtyards overlap
    Rule: board setup constraints courtyard; error
    @(110.0049 mm, 110.0000 mm): Footprint C10
    @(111.2549 mm, 110.0000 mm): Footprint C19
[courtyards_overlap]: Courtyards overlap
    Rule: board setup constraints courtyard; error
    @(108.7549 mm, 110.0000 mm): Footprint C11
    @(107.5049 mm, 110.0000 mm): Footprint C20
[courtyards_overlap]: Courtyards overlap
    Rule: board setup constraints courtyard; error
    @(105.0049 mm, 110.0000 mm): Footprint C12
    @(103.7549 mm, 110.0000 mm): Footprint C16
[courtyards_overlap]: Courtyards overlap
    Rule: board setup constraints courtyard; error
    @(105.0049 mm, 110.0000 mm): Footprint C12
    @(106.2549 mm, 110.0000 mm): Footprint C18
[courtyards_overlap]: Courtyards overlap
    Rule: board setup constraints courtyard; error
    @(105.0049 mm, 110.0000 mm): Footprint C12
    @(106.0196 mm, 108.2404 mm): Footprint C9
[courtyards_overlap]: Courtyards overlap
    Rule: board setup constraints courtyard; error
    @(113.7549 mm, 110.0000 mm): Footprint C14
    @(112.5049 mm, 110.0000 mm): Footprint C6
[courtyards_overlap]: Courtyards overlap
    Rule: board setup constraints courtyard; error
    @(113.7549 mm, 110.0000 mm): Footprint C14
    @(114.3299 mm, 111.6194 mm): Footprint C13
[courtyards_overlap]: Courtyards overlap
    Rule: board setup constraints courtyard; error
    @(117.5049 mm, 110.0000 mm): Footprint C15
    @(116.2549 mm, 110.0000 mm): Footprint C2
[courtyards_overlap]: Courtyards overlap
    Rule: board setup constraints courtyard; error
    @(106.2549 mm, 110.0000 mm): Footprint C18
    @(107.5049 mm, 110.0000 mm): Footprint C20
[courtyards_overlap]: Courtyards overlap
    Rule: board setup constraints courtyard; error
    @(106.2549 mm, 110.0000 mm): Footprint C18
    @(106.0196 mm, 108.2404 mm): Footprint C9
[courtyards_overlap]: Courtyards overlap
    Rule: board setup constraints courtyard; error
    @(111.2549 mm, 110.0000 mm): Footprint C19
    @(112.5049 mm, 110.0000 mm): Footprint C6
[courtyards_overlap]: Courtyards overlap
    Rule: board setup constraints courtyard; error
    @(107.5049 mm, 110.0000 mm): Footprint C20
    @(106.0196 mm, 108.2404 mm): Footprint C9
[courtyards_overlap]: Courtyards overlap
    Rule: board setup constraints courtyard; error
    @(112.6998 mm, 102.3664 mm): Footprint R11
    @(114.3914 mm, 103.0243 mm): Footprint R6
[courtyards_overlap]: Courtyards overlap
    Rule: board setup constraints courtyard; error
    @(112.6998 mm, 102.3664 mm): Footprint R11
    @(110.8558 mm, 101.7924 mm): Footprint T1
[courtyards_overlap]: Courtyards overlap
    Rule: board setup constraints courtyard; error
    @(114.3914 mm, 103.0243 mm): Footprint R6
    @(114.8309 mm, 101.3504 mm): Footprint T2
[courtyards_overlap]: Courtyards overlap
    Rule: board setup constraints courtyard; error
    @(107.3049 mm, 102.3944 mm): Footprint R31
    @(105.4938 mm, 103.0319 mm): Footprint R26
[courtyards_overlap]: Courtyards overlap
    Rule: board setup constraints courtyard; error
    @(107.3049 mm, 102.3944 mm): Footprint R31
    @(109.1768 mm, 101.7822 mm): Footprint T4
[courtyards_overlap]: Courtyards overlap
    Rule: board setup constraints courtyard; error
    @(105.4938 mm, 103.0319 mm): Footprint R26
    @(105.1789 mm, 101.3377 mm): Footprint T5
[courtyards_overlap]: Courtyards overlap
    Rule: board setup constraints courtyard; error
    @(112.7684 mm, 117.4947 mm): Footprint R51
    @(114.5515 mm, 116.9562 mm): Footprint R46
[courtyards_overlap]: Courtyards overlap
    Rule: board setup constraints courtyard; error
    @(112.7684 mm, 117.4947 mm): Footprint R51
    @(111.0259 mm, 118.3024 mm): Footprint T7
[courtyards_overlap]: Courtyards overlap
    Rule: board setup constraints courtyard; error
    @(114.5515 mm, 116.9562 mm): Footprint R46
    @(114.8690 mm, 118.6301 mm): Footprint T8
[courtyards_overlap]: Courtyards overlap
    Rule: board setup constraints courtyard; error
    @(107.1982 mm, 117.5125 mm): Footprint R71
    @(105.4329 mm, 116.9029 mm): Footprint R66
[courtyards_overlap]: Courtyards overlap
    Rule: board setup constraints courtyard; error
    @(107.1982 mm, 117.5125 mm): Footprint R71
    @(109.0168 mm, 118.3303 mm): Footprint T10
[courtyards_overlap]: Courtyards overlap
    Rule: board setup constraints courtyard; error
    @(107.1982 mm, 117.5125 mm): Footprint R71
    @(105.2424 mm, 118.6478 mm): Footprint T11
[courtyards_overlap]: Courtyards overlap
    Rule: board setup constraints courtyard; error
    @(105.4329 mm, 116.9029 mm): Footprint R66
    @(105.2424 mm, 118.6478 mm): Footprint T11
[courtyards_overlap]: Courtyards overlap
    Rule: board setup constraints courtyard; error
    @(106.3549 mm, 110.2444 mm): Footprint C4
    @(105.0549 mm, 110.4444 mm): Footprint C3
[courtyards_overlap]: Courtyards overlap
    Rule: board setup constraints courtyard; error
    @(105.0549 mm, 110.4444 mm): Footprint C3
    @(106.0196 mm, 111.6984 mm): Footprint C17
[courtyards_overlap]: Courtyards overlap
    Rule: board setup constraints courtyard; error
    @(105.0549 mm, 110.4444 mm): Footprint C3
    @(102.8573 mm, 109.8315 mm): Footprint U1
[shorting_items]: Items shorting two nets (nets  and Net-(R32-~-Pad1))
    Local override; error
    @(107.3049 mm, 105.2444 mm): Track [<no net>] on F.Cu, length 0.5000 mm
    @(107.2799 mm, 105.0944 mm): Pad 1 [Net-(R32-~-Pad1)] of R32 on F.Cu
[shorting_items]: Items shorting two nets (nets  and Net-(R52-~-Pad1))
    Local override; error
    @(110.8979 mm, 113.4194 mm): Track [<no net>] on F.Cu, length 0.1680 mm
    @(110.7299 mm, 113.4194 mm): Pad 1 [Net-(R52-~-Pad1)] of R56 on F.Cu
[shorting_items]: Items shorting two nets (nets  and Net-(U2-P0.3))
    Local override; error
    @(112.7430 mm, 105.9635 mm): Track [<no net>] on F.Cu, length 0.7304 mm
    @(112.7430 mm, 105.9635 mm): Pad 19 [Net-(U2-P0.3)] of U2 on F.Cu
[shorting_items]: Items shorting two nets (nets  and Net-(R32-~-Pad2))
    Local override; error
    @(108.7549 mm, 105.5444 mm): Track [<no net>] on F.Cu, length 0.4243 mm
    @(108.1799 mm, 105.0944 mm): Pad 2 [Net-(R32-~-Pad2)] of R32 on F.Cu
[shorting_items]: Items shorting two nets (nets  and Net-(R52-~-Pad1))
    Local override; error
    @(112.7299 mm, 114.7194 mm): Track [<no net>] on F.Cu, length 0.5000 mm
    @(112.7299 mm, 114.8944 mm): Pad 1 [Net-(R52-~-Pad1)] of R52 on F.Cu
[shorting_items]: Items shorting two nets (nets  and Net-(R32-~-Pad2))
    Local override; error
    @(108.1549 mm, 105.2444 mm): Track [<no net>] on F.Cu, length 0.3000 mm
    @(108.1799 mm, 105.0944 mm): Pad 2 [Net-(R32-~-Pad2)] of R32 on F.Cu
[shorting_items]: Items shorting two nets (nets  and Net-(U2-P0.2))
    Local override; error
    @(112.7430 mm, 106.4635 mm): Track [<no net>] on F.Cu, length 0.4176 mm
    @(112.7430 mm, 106.4635 mm): Pad 20 [Net-(U2-P0.2)] of U2 on F.Cu
[shorting_items]: Items shorting two nets (nets  and Net-(U2-P0.2))
    Local override; error
    @(112.3254 mm, 106.4635 mm): Track [<no net>] on F.Cu, length 0.2505 mm
    @(112.7430 mm, 106.4635 mm): Pad 20 [Net-(U2-P0.2)] of U2 on F.Cu
[shorting_items]: Items shorting two nets (nets  and Net-(U4-P0.2))
    Local override; error
    @(111.8397 mm, 112.8194 mm): Track [<no net>] on F.Cu, length 0.0902 mm
    @(111.9549 mm, 113.0444 mm): Pad 2 [Net-(U4-P0.2)] of R58 on F.Cu
[shorting_items]: Items shorting two nets (nets  and Net-(R52-~-Pad2))
    Local override; error
    @(111.2799 mm, 114.4194 mm): Track [<no net>] on F.Cu, length 0.4243 mm
    @(111.8299 mm, 114.8944 mm): Pad 2 [Net-(R52-~-Pad2)] of R52 on F.Cu
[shorting_items]: Items shorting two nets (nets  and Net-(U4-P0.2))
    Local override; error
    @(111.5133 mm, 113.1458 mm): Track [<no net>] on F.Cu, length 0.4616 mm
    @(111.9549 mm, 113.0444 mm): Pad 2 [Net-(U4-P0.2)] of R58 on F.Cu
[shorting_items]: Items shorting two nets (nets  and Net-(U3-P0.2))
    Local override; error
    @(108.5215 mm, 106.8180 mm): Track [<no net>] on F.Cu, length 0.4616 mm
    @(108.0799 mm, 106.8944 mm): Pad 2 [Net-(U3-P0.2)] of R38 on F.Cu
[shorting_items]: Items shorting two nets (nets  and Net-(R52-~-Pad2))
    Local override; error
    @(111.8799 mm, 114.7194 mm): Track [<no net>] on F.Cu, length 0.3000 mm
    @(111.8299 mm, 114.8944 mm): Pad 2 [Net-(R52-~-Pad2)] of R52 on F.Cu
[clearance]: Clearance violation ( clearance 0.1524 mm; actual 0.0266 mm)
    Local override; error
    @(108.8771 mm, 106.2846 mm): Track [<no net>] on F.Cu, length 0.2514 mm
    @(109.2799 mm, 106.4444 mm): Pad 1 [Net-(R32-~-Pad1)] of R36 on F.Cu
[shorting_items]: Items shorting two nets (nets  and Net-(R52-~-Pad2))
    Local override; error
    @(111.2799 mm, 114.4194 mm): Track [<no net>] on F.Cu, length 0.4243 mm
    @(110.7299 mm, 114.1194 mm): Pad 1 [Net-(R52-~-Pad2)] of R53 on F.Cu
[shorting_items]: Items shorting two nets (nets  and Net-(R32-~-Pad1))
    Local override; error
    @(109.3049 mm, 106.5444 mm): Track [<no net>] on F.Cu, length 0.2130 mm
    @(109.2799 mm, 106.4444 mm): Pad 1 [Net-(R32-~-Pad1)] of R36 on F.Cu
[shorting_items]: Items shorting two nets (nets  and Net-(R32-~-Pad1))
    Local override; error
    @(109.1369 mm, 106.5444 mm): Track [<no net>] on F.Cu, length 0.1680 mm
    @(109.2799 mm, 106.4444 mm): Pad 1 [Net-(R32-~-Pad1)] of R36 on F.Cu
[shorting_items]: Items shorting two nets (nets  and Net-(R56-~-Pad2))
    Local override; error
    @(110.7299 mm, 112.5194 mm): Track [<no net>] on F.Cu, length 0.3000 mm
    @(110.7299 mm, 112.5194 mm): Pad 2 [Net-(R56-~-Pad2)] of R56 on F.Cu
[shorting_items]: Items shorting two nets (nets  and Net-(R52-~-Pad2))
    Local override; error
    @(110.9799 mm, 114.1194 mm): Track [<no net>] on F.Cu, length 0.2500 mm
    @(110.7299 mm, 114.1194 mm): Pad 1 [Net-(R52-~-Pad2)] of R53 on F.Cu
[shorting_items]: Items shorting two nets (nets  and Net-(R36-~-Pad2))
    Local override; error
    @(105.1361 mm, 106.1830 mm): Track [<no net>] on F.Cu, length 0.2976 mm
    @(105.1361 mm, 106.1830 mm): Pad 1 [Net-(R36-~-Pad2)] of R37 on F.Cu
[shorting_items]: Items shorting two nets (nets  and Net-(R56-~-Pad2))
    Local override; error
    @(110.7299 mm, 112.2194 mm): Track [<no net>] on F.Cu, length 0.3000 mm
    @(110.7299 mm, 112.5194 mm): Pad 2 [Net-(R56-~-Pad2)] of R56 on F.Cu
[shorting_items]: Items shorting two nets (nets  and Net-(U2-P0.0))
    Local override; error
    @(113.4430 mm, 107.5049 mm): Track [<no net>] on F.Cu, length 0.3941 mm
    @(113.4430 mm, 107.1635 mm): Pad 2 [Net-(U2-P0.0)] of U2 on F.Cu
[shorting_items]: Items shorting two nets (nets  and Net-(R36-~-Pad2))
    Local override; error
    @(109.3049 mm, 107.7444 mm): Track [<no net>] on F.Cu, length 0.3000 mm
    @(109.2799 mm, 107.3444 mm): Pad 2 [Net-(R36-~-Pad2)] of R36 on F.Cu
[shorting_items]: Items shorting two nets (nets  and Net-(U3-P0.0))
    Local override; error
    @(105.8799 mm, 106.0194 mm): Track [<no net>] on F.Cu, length 0.1061 mm
    @(105.8049 mm, 105.9444 mm): Pad 2 [Net-(U3-P0.0)] of R39 on F.Cu
[shorting_items]: Items shorting two nets (nets  and Net-(R32-~-Pad1))
    Local override; error
    @(109.0369 mm, 106.4444 mm): Track [<no net>] on F.Cu, length 0.2260 mm
    @(109.2799 mm, 106.4444 mm): Pad 1 [Net-(R32-~-Pad1)] of R36 on F.Cu
[shorting_items]: Items shorting two nets (nets  and Net-(U2-P0.1))
    Local override; error
    @(112.7430 mm, 107.1635 mm): Track [<no net>] on F.Cu, length 0.3072 mm
    @(112.7430 mm, 107.1635 mm): Pad 1 [Net-(U2-P0.1)] of U2 on F.Cu
[clearance]: Clearance violation ( clearance 0.1524 mm; actual 0.0738 mm)
    Local override; error
    @(114.3299 mm, 112.5944 mm): Track [<no net>] on F.Cu, length 0.6010 mm
    @(114.3299 mm, 113.0444 mm): Pad 2 [Net-(U4-P0.1)] of R60 on F.Cu
[shorting_items]: Items shorting two nets (nets  and Net-(U4-P0.0))
    Local override; error
    @(113.8799 mm, 113.4622 mm): Track [<no net>] on F.Cu, length 0.4506 mm
    @(114.2049 mm, 113.9944 mm): Pad 2 [Net-(U4-P0.0)] of R59 on F.Cu
[clearance]: Clearance violation ( clearance 0.1524 mm; actual 0.0738 mm)
    Local override; error
    @(105.3049 mm, 105.2444 mm): Track [<no net>] on F.Cu, length 0.2121 mm
    @(105.8049 mm, 105.0944 mm): Pad 2 [Net-(R34-~-Pad2)] of R34 on F.Cu
[clearance]: Clearance violation ( clearance 0.1524 mm; actual 0.0238 mm)
    Local override; error
    @(114.5049 mm, 114.8944 mm): Track [<no net>] on F.Cu, length 0.2475 mm
    @(114.2049 mm, 114.8944 mm): Pad 2 [Net-(R54-~-Pad2)] of R54 on F.Cu
[shorting_items]: Items shorting two nets (nets Net-(R32-~-Pad1) and )
    Local override; error
    @(107.2799 mm, 105.0944 mm): Pad 1 [Net-(R32-~-Pad1)] of R32 on F.Cu
    @(106.7049 mm, 105.0944 mm): Track [<no net>] on F.Cu, length 0.5750 mm
[shorting_items]: Items shorting two nets (nets  and Net-(U5-P0.1))
    Local override; error
    @(107.2918 mm, 112.7503 mm): Track [<no net>] on F.Cu, length 0.0211 mm
    @(107.2918 mm, 112.7503 mm): Pad 1 [Net-(U5-P0.1)] of U5 on F.Cu
[shorting_items]: Items shorting two nets (nets  and Net-(U5-P0.2))
    Local override; error
    @(107.2918 mm, 113.4503 mm): Track [<no net>] on F.Cu, length 0.4176 mm
    @(107.2918 mm, 113.4503 mm): Pad 20 [Net-(U5-P0.2)] of U5 on F.Cu
[shorting_items]: Items shorting two nets (nets  and Net-(R54-~-Pad2))
    Local override; error
    @(114.6799 mm, 114.7194 mm): Track [<no net>] on F.Cu, length 0.3500 mm
    @(115.0299 mm, 114.7194 mm): Pad 1 [Net-(R54-~-Pad2)] of R55 on F.Cu
[shorting_items]: Items shorting two nets (nets  and Net-(R52-~-Pad1))
    Local override; error
    @(112.7299 mm, 114.8944 mm): Track [<no net>] on F.Cu, length 0.5750 mm
    @(112.7299 mm, 114.8944 mm): Pad 1 [Net-(R52-~-Pad1)] of R52 on F.Cu
[shorting_items]: Items shorting two nets (nets Net-(U5-P0.1) and )
    Local override; error
    @(107.2918 mm, 112.7503 mm): Pad 1 [Net-(U5-P0.1)] of U5 on F.Cu
    @(107.2918 mm, 112.7503 mm): Track [<no net>] on F.Cu, length 0.3072 mm
[shorting_items]: Items shorting two nets (nets Net-(U4-P0.1) and )
    Local override; error
    @(114.3299 mm, 113.0444 mm): Pad 2 [Net-(U4-P0.1)] of R60 on F.Cu
    @(114.3299 mm, 113.0444 mm): Track [<no net>] on F.Cu, length 0.4500 mm
[shorting_items]: Items shorting two nets (nets  and Net-(R54-~-Pad2))
    Local override; error
    @(114.2049 mm, 113.9944 mm): Track [<no net>] on F.Cu, length 0.9000 mm
    @(114.2049 mm, 114.8944 mm): Pad 2 [Net-(R54-~-Pad2)] of R54 on F.Cu
[shorting_items]: Items shorting two nets (nets  and Net-(R12-~-Pad1))
    Local override; error
    @(112.7299 mm, 105.2194 mm): Track [<no net>] on B.Cu, length 0.5000 mm
    @(112.7799 mm, 105.2194 mm): Pad 1 [Net-(R12-~-Pad1)] of R12 on B.Cu
[clearance]: Clearance violation ( clearance 0.1524 mm; actual 0.0738 mm)
    Local override; error
    @(106.1549 mm, 106.9444 mm): Track [<no net>] on F.Cu, length 0.9250 mm
    @(105.8049 mm, 105.9444 mm): Pad 2 [Net-(U3-P0.0)] of R39 on F.Cu
[clearance]: Clearance violation ( clearance 0.1524 mm; actual 0.1238 mm)
    Local override; error
    @(112.7299 mm, 105.7194 mm): Track [<no net>] on B.Cu, length 0.3263 mm
    @(112.7799 mm, 105.2194 mm): Pad 1 [Net-(R12-~-Pad1)] of R12 on B.Cu
[shorting_items]: Items shorting two nets (nets  and Net-(U2-P0.1))
    Local override; error
    @(114.3299 mm, 107.5070 mm): Track [<no net>] on B.Cu, length 0.3876 mm
    @(114.3299 mm, 107.1194 mm): Pad 2 [Net-(U2-P0.1)] of R20 on B.Cu
[shorting_items]: Items shorting two nets (nets  and Net-(U3-P0.0))
    Local override; error
    @(106.5918 mm, 107.5299 mm): Track [<no net>] on B.Cu, length 0.3941 mm
    @(106.5918 mm, 107.1885 mm): Pad 2 [Net-(U3-P0.0)] of U3 on B.Cu
[shorting_items]: Items shorting two nets (nets  and Net-(U3-P0.1))
    Local override; error
    @(107.2918 mm, 107.1885 mm): Track [<no net>] on B.Cu, length 0.0211 mm
    @(107.2918 mm, 107.1885 mm): Pad 1 [Net-(U3-P0.1)] of U3 on B.Cu
[clearance]: Clearance violation ( clearance 0.1524 mm; actual 0.0988 mm)
    Local override; error
    @(110.9299 mm, 107.9194 mm): Track [<no net>] on B.Cu, length 0.2828 mm
    @(110.7549 mm, 107.3444 mm): Pad 2 [Net-(R16-~-Pad2)] of R16 on B.Cu
[shorting_items]: Items shorting two nets (nets  and Net-(R76-~-Pad2))
    Local override; error
    @(109.1049 mm, 111.9944 mm): Via [<no net>] on F.Cu - B.Cu
    @(109.3049 mm, 112.4944 mm): Pad 2 [Net-(R76-~-Pad2)] of R76 on B.Cu
[shorting_items]: Items shorting two nets (nets  and Net-(R72-~-Pad1))
    Local override; error
    @(109.1369 mm, 113.3944 mm): Track [<no net>] on B.Cu, length 0.1680 mm
    @(109.3049 mm, 113.3944 mm): Pad 1 [Net-(R72-~-Pad1)] of R76 on B.Cu
[shorting_items]: Items shorting two nets (nets  and Net-(U4-P0.0))
    Local override; error
    @(113.4430 mm, 112.4325 mm): Track [<no net>] on B.Cu, length 0.3721 mm
    @(113.4430 mm, 112.7753 mm): Pad 2 [Net-(U4-P0.0)] of U4 on B.Cu
[shorting_items]: Items shorting two nets (nets  and Net-(U3-P0.3))
    Local override; error
    @(107.2918 mm, 105.9885 mm): Track [<no net>] on B.Cu, length 0.7304 mm
    @(107.2918 mm, 105.9885 mm): Pad 19 [Net-(U3-P0.3)] of U3 on B.Cu
[shorting_items]: Items shorting two nets (nets  and Net-(U5-P0.1))
    Local override; error
    @(105.7049 mm, 112.4068 mm): Track [<no net>] on B.Cu, length 0.3876 mm
    @(105.7049 mm, 112.7944 mm): Pad 2 [Net-(U5-P0.1)] of R80 on B.Cu
[clearance]: Clearance violation (zone clearance 0.2032 mm; actual 0.1959 mm)
    Local override; error
    @(108.5215 mm, 106.8180 mm): Track [<no net>] on F.Cu, length 0.4616 mm
    @(99.8000 mm, 100.2572 mm): Zone [GND] on F.Cu, priority 0
[hole_clearance]: Hole clearance violation (board setup constraints hole clearance 0.2500 mm; actual 0.2485 mm)
    Rule: board setup constraints hole; error
    @(101.4095 mm, 119.5343 mm): Track [GND] on F.Cu, length 1.3111 mm
    @(102.0000 mm, 118.0000 mm): NPTH pad of H4
[clearance]: Clearance violation (zone clearance 0.2032 mm; actual 0.1959 mm)
    Local override; error
    @(111.9451 mm, 107.1486 mm): Track [<no net>] on F.Cu, length 0.2874 mm
    @(99.8000 mm, 100.2572 mm): Zone [GND] on F.Cu, priority 0
[clearance]: Clearance violation (zone clearance 0.2032 mm; actual 0.1959 mm)
    Local override; error
    @(114.3299 mm, 107.5070 mm): Track [<no net>] on B.Cu, length 0.3876 mm
    @(99.8000 mm, 100.2572 mm): Zone [GND] on B.Cu, priority 0
[clearance]: Clearance violation (zone clearance 0.2032 mm; actual 0.1959 mm)
    Local override; error
    @(106.5918 mm, 107.5299 mm): Track [<no net>] on B.Cu, length 0.3941 mm
    @(99.8000 mm, 100.2572 mm): Zone [GND] on B.Cu, priority 0
[clearance]: Clearance violation (zone clearance 0.2032 mm; actual 0.2000 mm)
    Local override; error
    @(113.4430 mm, 112.4325 mm): Track [<no net>] on B.Cu, length 0.3721 mm
    @(99.8000 mm, 100.2572 mm): Zone [GND] on B.Cu, priority 0
[clearance]: Clearance violation (zone clearance 0.2032 mm; actual 0.1977 mm)
    Local override; error
    @(113.4430 mm, 107.5049 mm): Track [<no net>] on F.Cu, length 0.3941 mm
    @(99.8000 mm, 100.2572 mm): Zone [GND] on F.Cu, priority 0
[clearance]: Clearance violation (zone clearance 0.2032 mm; actual 0.1959 mm)
    Local override; error
    @(114.3299 mm, 112.5944 mm): Track [<no net>] on F.Cu, length 0.6010 mm
    @(99.8000 mm, 100.2572 mm): Zone [GND] on F.Cu, priority 0
[clearance]: Clearance violation (zone clearance 0.2032 mm; actual 0.1959 mm)
    Local override; error
    @(114.3299 mm, 113.0444 mm): Track [<no net>] on F.Cu, length 0.4500 mm
    @(99.8000 mm, 100.2572 mm): Zone [GND] on F.Cu, priority 0
[clearance]: Clearance violation (zone clearance 0.2032 mm; actual 0.2003 mm)
    Local override; error
    @(106.1549 mm, 106.9444 mm): Track [<no net>] on F.Cu, length 0.9250 mm
    @(99.8000 mm, 100.2572 mm): Zone [GND] on F.Cu, priority 0
[clearance]: Clearance violation (zone clearance 0.2032 mm; actual 0.1900 mm)
    Local override; error
    @(115.0000 mm, 119.8895 mm): Track [/single esc 3/PHASE_B_0] on B.Cu, length 0.4767 mm
    @(99.8000 mm, 100.2572 mm): Zone [GND] on B.Cu, priority 0
[clearance]: Clearance violation (zone clearance 0.2032 mm; actual 0.1959 mm)
    Local override; error
    @(115.8902 mm, 106.8265 mm): Track [/single esc 1/PHASE_C_0] on B.Cu, length 0.2553 mm
    @(99.8000 mm, 100.2572 mm): Zone [GND] on B.Cu, priority 0
[clearance]: Clearance violation (zone clearance 0.2032 mm; actual 0.1934 mm)
    Local override; error
    @(104.1308 mm, 101.3403 mm): Track [Net-(FET5-P_G)] on F.Cu, length 0.4891 mm
    @(99.8000 mm, 100.2572 mm): Zone [GND] on F.Cu, priority 0
[clearance]: Clearance violation (zone clearance 0.2032 mm; actual 0.1934 mm)
    Local override; error
    @(103.8804 mm, 101.4642 mm): Track [Net-(FET5-P_G)] on B.Cu, length 0.1350 mm
    @(99.8000 mm, 100.2572 mm): Zone [GND] on B.Cu, priority 0
[clearance]: Clearance violation (zone clearance 0.2032 mm; actual 0.1934 mm)
    Local override; error
    @(104.5094 mm, 101.4642 mm): Track [Net-(FET5-P_G)] on B.Cu, length 0.6290 mm
    @(99.8000 mm, 100.2572 mm): Zone [GND] on B.Cu, priority 0
[clearance]: Clearance violation (zone clearance 0.2032 mm; actual 0.1934 mm)
    Local override; error
    @(103.7849 mm, 101.3687 mm): Track [Net-(FET5-P_G)] on B.Cu, length 0.3743 mm
    @(99.8000 mm, 100.2572 mm): Zone [GND] on B.Cu, priority 0
[clearance]: Clearance violation (zone clearance 0.2032 mm; actual 0.1959 mm)
    Local override; error
    @(114.4730 mm, 102.2143 mm): Track [Net-(T2-B)] on B.Cu, length 0.3080 mm
    @(99.8000 mm, 100.2572 mm): Zone [GND] on B.Cu, priority 0
[clearance]: Clearance violation (zone clearance 0.2032 mm; actual 0.1934 mm)
    Local override; error
    @(112.1387 mm, 118.9524 mm): Track [Net-(FET7-P_G)] on F.Cu, length 0.3295 mm
    @(99.8000 mm, 100.2572 mm): Zone [GND] on F.Cu, priority 0
[clearance]: Clearance violation (zone clearance 0.2032 mm; actual 0.1959 mm)
    Local override; error
    @(114.6200 mm, 102.3614 mm): Track [Net-(T2-B)] on B.Cu, length 0.2080 mm
    @(99.8000 mm, 100.2572 mm): Zone [GND] on B.Cu, priority 0
[clearance]: Clearance violation (zone clearance 0.2032 mm; actual 0.1954 mm)
    Local override; error
    @(117.4725 mm, 116.1409 mm): Track [Net-(FET9-N_G)] on B.Cu, length 0.9271 mm
    @(99.8000 mm, 100.2572 mm): Zone [GND] on B.Cu, priority 0
[clearance]: Clearance violation (zone clearance 0.2032 mm; actual 0.1954 mm)
    Local override; error
    @(118.3996 mm, 116.1409 mm): Track [Net-(FET9-N_G)] on B.Cu, length 0.1136 mm
    @(99.8000 mm, 100.2572 mm): Zone [GND] on B.Cu, priority 0
[clearance]: Clearance violation (zone clearance 0.2032 mm; actual 0.1954 mm)
    Local override; error
    @(117.3505 mm, 116.0189 mm): Track [Net-(FET9-N_G)] on B.Cu, length 0.1724 mm
    @(99.8000 mm, 100.2572 mm): Zone [GND] on B.Cu, priority 0
[clearance]: Clearance violation (zone clearance 0.2032 mm; actual 0.1954 mm)
    Local override; error
    @(109.4460 mm, 101.4444 mm): Track [/single esc 2/Ap_0] on B.Cu, length 0.5460 mm
    @(99.8000 mm, 100.2572 mm): Zone [GND] on B.Cu, priority 0
[clearance]: Clearance violation (zone clearance 0.2032 mm; actual 0.1954 mm)
    Local override; error
    @(101.5549 mm, 103.9457 mm): Track [Net-(FET6-N_G)] on B.Cu, length 0.2290 mm
    @(99.8000 mm, 100.2572 mm): Zone [GND] on B.Cu, priority 0
[clearance]: Clearance violation (zone clearance 0.2032 mm; actual 0.1966 mm)
    Local override; error
    @(109.8321 mm, 102.4807 mm): Track [/single esc 2/Ap_0] on B.Cu, length 0.0467 mm
    @(99.8000 mm, 100.2572 mm): Zone [GND] on B.Cu, priority 0
[clearance]: Clearance violation (zone clearance 0.2032 mm; actual 0.1954 mm)
    Local override; error
    @(109.8321 mm, 101.8305 mm): Track [/single esc 2/Ap_0] on B.Cu, length 0.6502 mm
    @(99.8000 mm, 100.2572 mm): Zone [GND] on B.Cu, priority 0
[clearance]: Clearance violation (zone clearance 0.2032 mm; actual 0.1954 mm)
    Local override; error
    @(102.6058 mm, 103.7838 mm): Track [Net-(FET6-N_G)] on B.Cu, length 0.2586 mm
    @(99.8000 mm, 100.2572 mm): Zone [GND] on B.Cu, priority 0
[clearance]: Clearance violation (zone clearance 0.2032 mm; actual 0.1954 mm)
    Local override; error
    @(101.7168 mm, 103.7838 mm): Track [Net-(FET6-N_G)] on B.Cu, length 0.8890 mm
    @(99.8000 mm, 100.2572 mm): Zone [GND] on B.Cu, priority 0
[clearance]: Clearance violation (zone clearance 0.2032 mm; actual 0.1934 mm)
    Local override; error
    @(118.3056 mm, 113.3242 mm): Track [Net-(FET9-P_G)] on F.Cu, length 0.4892 mm
    @(99.8000 mm, 100.2572 mm): Zone [GND] on F.Cu, priority 0
[clearance]: Clearance violation (zone clearance 0.2032 mm; actual 0.1934 mm)
    Local override; error
    @(118.3056 mm, 112.8351 mm): Track [Net-(FET9-P_G)] on F.Cu, length 0.3969 mm
    @(99.8000 mm, 100.2572 mm): Zone [GND] on F.Cu, priority 0
[clearance]: Clearance violation (zone clearance 0.2032 mm; actual 0.1934 mm)
    Local override; error
    @(101.7549 mm, 107.2244 mm): Track [Net-(FET6-P_G)] on F.Cu, length 0.2970 mm
    @(99.8000 mm, 100.2572 mm): Zone [GND] on F.Cu, priority 0
[clearance]: Clearance violation (zone clearance 0.2032 mm; actual 0.1934 mm)
    Local override; error
    @(101.7549 mm, 106.6444 mm): Track [Net-(FET6-P_G)] on F.Cu, length 0.5800 mm
    @(99.8000 mm, 100.2572 mm): Zone [GND] on F.Cu, priority 0
[clearance]: Clearance violation (zone clearance 0.2032 mm; actual 0.1934 mm)
    Local override; error
    @(107.0681 mm, 101.0812 mm): Track [Net-(FET4-P_G)] on F.Cu, length 0.2308 mm
    @(99.8000 mm, 100.2572 mm): Zone [GND] on F.Cu, priority 0
[clearance]: Clearance violation (zone clearance 0.2032 mm; actual 0.1934 mm)
    Local override; error
    @(111.0259 mm, 118.9524 mm): Track [Net-(FET7-P_G)] on F.Cu, length 1.1128 mm
    @(99.8000 mm, 100.2572 mm): Zone [GND] on F.Cu, priority 0
[clearance]: Clearance violation (zone clearance 0.2032 mm; actual 0.1934 mm)
    Local override; error
    @(104.2241 mm, 101.3403 mm): Track [Net-(FET5-P_G)] on F.Cu, length 0.0933 mm
    @(99.8000 mm, 100.2572 mm): Zone [GND] on F.Cu, priority 0
[clearance]: Clearance violation (zone clearance 0.2032 mm; actual 0.1934 mm)
    Local override; error
    @(107.3836 mm, 101.0812 mm): Track [Net-(FET4-P_G)] on F.Cu, length 0.3155 mm
    @(99.8000 mm, 100.2572 mm): Zone [GND] on F.Cu, priority 0
[clearance]: Clearance violation (zone clearance 0.2032 mm; actual 0.1980 mm)
    Local override; error
    @(114.8584 mm, 116.2530 mm): Track [Net-(T8-B)] on F.Cu, length 0.1682 mm
    @(99.8000 mm, 100.2572 mm): Zone [GND] on F.Cu, priority 0
[clearance]: Clearance violation (zone clearance 0.2032 mm; actual 0.1980 mm)
    Local override; error
    @(114.7394 mm, 116.3720 mm): Track [Net-(T8-B)] on F.Cu, length 1.5729 mm
    @(99.8000 mm, 100.2572 mm): Zone [GND] on F.Cu, priority 0
[clearance]: Clearance violation (zone clearance 0.2032 mm; actual 0.1944 mm)
    Local override; error
    @(101.8032 mm, 112.6661 mm): Track [Net-(FET12-P_G)] on B.Cu, length 0.1814 mm
    @(99.8000 mm, 100.2572 mm): Zone [GND] on B.Cu, priority 0
[clearance]: Clearance violation (zone clearance 0.2032 mm; actual 0.1944 mm)
    Local override; error
    @(101.8032 mm, 113.2226 mm): Track [Net-(FET12-P_G)] on B.Cu, length 0.5565 mm
    @(99.8000 mm, 100.2572 mm): Zone [GND] on B.Cu, priority 0
[clearance]: Clearance violation (zone clearance 0.2032 mm; actual 0.1900 mm)
    Local override; error
    @(101.0549 mm, 114.7944 mm): Track [/single esc 4/PHASE_C_0] on F.Cu, length 0.6500 mm
    @(99.8000 mm, 100.2572 mm): Zone [GND] on F.Cu, priority 0
[clearance]: Clearance violation (zone clearance 0.2032 mm; actual 0.1959 mm)
    Local override; error
    @(100.8355 mm, 113.5145 mm): Track [/single esc 4/PHASE_C_0] on F.Cu, length 0.0982 mm
    @(99.8000 mm, 100.2572 mm): Zone [GND] on F.Cu, priority 0
[clearance]: Clearance violation (zone clearance 0.2032 mm; actual 0.1959 mm)
    Local override; error
    @(101.1047 mm, 111.9270 mm): Track [/single esc 4/PHASE_C_0] on F.Cu, length 0.3808 mm
    @(99.8000 mm, 100.2572 mm): Zone [GND] on F.Cu, priority 0
[clearance]: Clearance violation (zone clearance 0.2032 mm; actual 0.1900 mm)
    Local override; error
    @(100.4049 mm, 114.7944 mm): Track [/single esc 4/PHASE_C_0] on F.Cu, length 0.2908 mm
    @(99.8000 mm, 100.2572 mm): Zone [GND] on F.Cu, priority 0
[clearance]: Clearance violation (zone clearance 0.2032 mm; actual 0.1959 mm)
    Local override; error
    @(100.8355 mm, 112.1962 mm): Track [/single esc 4/PHASE_C_0] on F.Cu, length 1.3183 mm
    @(99.8000 mm, 100.2572 mm): Zone [GND] on F.Cu, priority 0
[clearance]: Clearance violation (zone clearance 0.2032 mm; actual 0.1934 mm)
    Local override; error
    @(107.2792 mm, 118.9803 mm): Track [Net-(FET10-P_G)] on B.Cu, length 0.3301 mm
    @(99.8000 mm, 100.2572 mm): Zone [GND] on B.Cu, priority 0
[clearance]: Clearance violation (zone clearance 0.2032 mm; actual 0.1959 mm)
    Local override; error
    @(103.0199 mm, 116.6844 mm): Track [/single esc 4/PHASE_B_0] on F.Cu, length 0.3556 mm
    @(99.8000 mm, 100.2572 mm): Zone [GND] on F.Cu, priority 0
[clearance]: Clearance violation (zone clearance 0.2032 mm; actual 0.1959 mm)
    Local override; error
    @(103.0199 mm, 116.2552 mm): Track [/single esc 4/PHASE_B_0] on F.Cu, length 0.4293 mm
    @(99.8000 mm, 100.2572 mm): Zone [GND] on F.Cu, priority 0
[clearance]: Clearance violation (zone clearance 0.2032 mm; actual 0.1934 mm)
    Local override; error
    @(109.0168 mm, 118.9803 mm): Track [Net-(FET10-P_G)] on B.Cu, length 1.7376 mm
    @(99.8000 mm, 100.2572 mm): Zone [GND] on B.Cu, priority 0
[clearance]: Clearance violation (zone clearance 0.2032 mm; actual 0.1959 mm)
    Local override; error
    @(108.5545 mm, 115.7065 mm): Track [/single esc 4/PHASE_A_0] on B.Cu, length 0.3017 mm
    @(99.8000 mm, 100.2572 mm): Zone [GND] on B.Cu, priority 0
[clearance]: Clearance violation (zone clearance 0.2032 mm; actual 0.1959 mm)
    Local override; error
    @(108.7679 mm, 115.4932 mm): Track [/single esc 4/PHASE_A_0] on B.Cu, length 0.3505 mm
    @(99.8000 mm, 100.2572 mm): Zone [GND] on B.Cu, priority 0
[clearance]: Clearance violation (zone clearance 0.2032 mm; actual 0.1959 mm)
    Local override; error
    @(115.7987 mm, 106.7350 mm): Track [/single esc 1/PHASE_C_0] on B.Cu, length 0.1294 mm
    @(99.8000 mm, 100.2572 mm): Zone [GND] on B.Cu, priority 0
[clearance]: Clearance violation (zone clearance 0.2032 mm; actual 0.1959 mm)
    Local override; error
    @(115.7987 mm, 106.1580 mm): Track [/single esc 1/PHASE_C_0] on B.Cu, length 0.5770 mm
    @(99.8000 mm, 100.2572 mm): Zone [GND] on B.Cu, priority 0
[clearance]: Clearance violation (zone clearance 0.2032 mm; actual 0.1959 mm)
    Local override; error
    @(116.0707 mm, 107.0070 mm): Track [/single esc 1/PHASE_C_0] on B.Cu, length 1.1554 mm
    @(99.8000 mm, 100.2572 mm): Zone [GND] on B.Cu, priority 0
[clearance]: Clearance violation (zone clearance 0.2032 mm; actual 0.1950 mm)
    Local override; error
    @(115.7730 mm, 101.4063 mm): Track [Net-(FET2-P_G)] on B.Cu, length 0.2365 mm
    @(99.8000 mm, 100.2572 mm): Zone [GND] on B.Cu, priority 0
[clearance]: Clearance violation (zone clearance 0.2032 mm; actual 0.1950 mm)
    Local override; error
    @(116.0094 mm, 101.4063 mm): Track [Net-(FET2-P_G)] on B.Cu, length 0.5819 mm
    @(99.8000 mm, 100.2572 mm): Zone [GND] on B.Cu, priority 0
[clearance]: Clearance violation (zone clearance 0.2032 mm; actual 0.1959 mm)
    Local override; error
    @(116.1869 mm, 102.5258 mm): Track [VCC] on B.Cu, length 0.0254 mm
    @(99.8000 mm, 100.2572 mm): Zone [GND] on B.Cu, priority 0
[clearance]: Clearance violation (zone clearance 0.2032 mm; actual 0.1936 mm)
    Local override; error
    @(119.0049 mm, 110.8444 mm): Track [VCC] on F.Cu, length 0.5571 mm
    @(99.8000 mm, 100.2572 mm): Zone [GND] on F.Cu, priority 0
[clearance]: Clearance violation (zone clearance 0.2032 mm; actual 0.1925 mm)
    Local override; error
    @(116.9049 mm, 110.5944 mm): Track [VCC] on F.Cu, length 0.1000 mm
    @(99.8000 mm, 100.2572 mm): Zone [GND] on F.Cu, priority 0
[clearance]: Clearance violation (zone clearance 0.2032 mm; actual 0.1936 mm)
    Local override; error
    @(118.4814 mm, 110.6539 mm): Track [VCC] on F.Cu, length 0.2291 mm
    @(99.8000 mm, 100.2572 mm): Zone [GND] on F.Cu, priority 0
[clearance]: Clearance violation (zone clearance 0.2032 mm; actual 0.1985 mm)
    Local override; error
    @(102.7349 mm, 109.1944 mm): Track [VCC] on F.Cu, length 0.1890 mm
    @(99.8000 mm, 100.2572 mm): Zone [GND] on F.Cu, priority 0
[clearance]: Clearance violation (zone clearance 0.2032 mm; actual 0.1925 mm)
    Local override; error
    @(102.7349 mm, 109.3834 mm): Track [VCC] on F.Cu, length 0.0310 mm
    @(99.8000 mm, 100.2572 mm): Zone [GND] on F.Cu, priority 0
[clearance]: Clearance violation (zone clearance 0.2032 mm; actual 0.1959 mm)
    Local override; error
    @(111.3688 mm, 104.3934 mm): Track [/single esc 1/PHASE_A_0] on B.Cu, length 0.1796 mm
    @(99.8000 mm, 100.2572 mm): Zone [GND] on B.Cu, priority 0
[clearance]: Clearance violation (zone clearance 0.2032 mm; actual 0.1959 mm)
    Local override; error
    @(103.8479 mm, 102.5508 mm): Track [VCC] on F.Cu, length 0.0254 mm
    @(99.8000 mm, 100.2572 mm): Zone [GND] on F.Cu, priority 0
[clearance]: Clearance violation (zone clearance 0.2032 mm; actual 0.1959 mm)
    Local override; error
    @(111.4958 mm, 104.2664 mm): Track [/single esc 1/PHASE_A_0] on B.Cu, length 0.7569 mm
    @(99.8000 mm, 100.2572 mm): Zone [GND] on B.Cu, priority 0
[clearance]: Clearance violation (zone clearance 0.2032 mm; actual 0.1900 mm)
    Local override; error
    @(115.0000 mm, 120.2540 mm): Track [/single esc 3/PHASE_B_0] on B.Cu, length 0.3645 mm
    @(99.8000 mm, 100.2572 mm): Zone [GND] on B.Cu, priority 0
[clearance]: Clearance violation (zone clearance 0.2032 mm; actual 0.1959 mm)
    Local override; error
    @(116.3752 mm, 117.0883 mm): Track [/single esc 3/PHASE_B_0] on B.Cu, length 0.5724 mm
    @(99.8000 mm, 100.2572 mm): Zone [GND] on B.Cu, priority 0
[clearance]: Clearance violation (zone clearance 0.2032 mm; actual 0.1960 mm)
    Local override; error
    @(115.4811 mm, 117.0883 mm): Track [/single esc 3/PHASE_B_0] on B.Cu, length 0.8941 mm
    @(99.8000 mm, 100.2572 mm): Zone [GND] on B.Cu, priority 0
[clearance]: Clearance violation (zone clearance 0.2032 mm; actual 0.1959 mm)
    Local override; error
    @(116.7799 mm, 116.6836 mm): Track [/single esc 3/PHASE_B_0] on B.Cu, length 1.5142 mm
    @(99.8000 mm, 100.2572 mm): Zone [GND] on B.Cu, priority 0
[clearance]: Clearance violation (zone clearance 0.2032 mm; actual 0.1950 mm)
    Local override; error
    @(120.2540 mm, 115.0000 mm): Track [/single esc 3/PHASE_C_0] on B.Cu, length 0.6435 mm
    @(99.8000 mm, 100.2572 mm): Zone [GND] on B.Cu, priority 0
[clearance]: Clearance violation (zone clearance 0.2032 mm; actual 0.1950 mm)
    Local override; error
    @(119.6105 mm, 115.0000 mm): Track [/single esc 3/PHASE_C_0] on B.Cu, length 0.2554 mm
    @(99.8000 mm, 100.2572 mm): Zone [GND] on B.Cu, priority 0
[clearance]: Clearance violation (zone clearance 0.2032 mm; actual 0.1959 mm)
    Local override; error
    @(115.7987 mm, 113.3392 mm): Track [/single esc 3/PHASE_C_0] on F.Cu, length 0.0585 mm
    @(99.8000 mm, 100.2572 mm): Zone [GND] on F.Cu, priority 0
[clearance]: Clearance violation (zone clearance 0.2032 mm; actual 0.1959 mm)
    Local override; error
    @(115.7987 mm, 113.2807 mm): Track [/single esc 3/PHASE_C_0] on F.Cu, length 0.4668 mm
    @(99.8000 mm, 100.2572 mm): Zone [GND] on F.Cu, priority 0
[clearance]: Clearance violation (zone clearance 0.2032 mm; actual 0.1959 mm)
    Local override; error
    @(116.1288 mm, 112.9506 mm): Track [/single esc 3/PHASE_C_0] on F.Cu, length 1.0668 mm
    @(99.8000 mm, 100.2572 mm): Zone [GND] on F.Cu, priority 0
[clearance]: Clearance violation (zone clearance 0.2032 mm; actual 0.1959 mm)
    Local override; error
    @(103.4669 mm, 103.0644 mm): Track [/single esc 2/PHASE_B_0] on B.Cu, length 0.1838 mm
    @(99.8000 mm, 100.2572 mm): Zone [GND] on B.Cu, priority 0
[clearance]: Clearance violation (zone clearance 0.2032 mm; actual 0.1959 mm)
    Local override; error
    @(103.4669 mm, 103.0644 mm): Track [/single esc 2/PHASE_B_0] on B.Cu, length 0.0198 mm
    @(99.8000 mm, 100.2572 mm): Zone [GND] on B.Cu, priority 0
[clearance]: Clearance violation (zone clearance 0.2032 mm; actual 0.1959 mm)
    Local override; error
    @(103.5969 mm, 102.9344 mm): Track [/single esc 2/PHASE_B_0] on B.Cu, length 0.8048 mm
    @(99.8000 mm, 100.2572 mm): Zone [GND] on B.Cu, priority 0
[clearance]: Clearance violation (zone clearance 0.2032 mm; actual 0.1959 mm)
    Local override; error
    @(103.4669 mm, 103.0842 mm): Track [/single esc 2/PHASE_B_0] on B.Cu, length 0.2998 mm
    @(99.8000 mm, 100.2572 mm): Zone [GND] on B.Cu, priority 0
[clearance]: Clearance violation (zone clearance 0.2032 mm; actual 0.1959 mm)
    Local override; error
    @(103.2549 mm, 103.2962 mm): Track [/single esc 2/PHASE_B_0] on B.Cu, length 1.6982 mm
    @(99.8000 mm, 100.2572 mm): Zone [GND] on B.Cu, priority 0
[clearance]: Clearance violation (zone clearance 0.2032 mm; actual 0.1959 mm)
    Local override; error
    @(110.7299 mm, 115.4003 mm): Track [/single esc 3/PHASE_A_0] on F.Cu, length 0.3809 mm
    @(99.8000 mm, 100.2572 mm): Zone [GND] on F.Cu, priority 0
[clearance]: Clearance violation (zone clearance 0.2032 mm; actual 0.1959 mm)
    Local override; error
    @(111.0132 mm, 115.6837 mm): Track [/single esc 3/PHASE_A_0] on F.Cu, length 0.4007 mm
    @(99.8000 mm, 100.2572 mm): Zone [GND] on F.Cu, priority 0
[clearance]: Clearance violation (zone clearance 0.2032 mm; actual 0.1959 mm)
    Local override; error
    @(108.9812 mm, 104.1038 mm): Track [/single esc 2/PHASE_A_0] on F.Cu, length 0.4577 mm
    @(99.8000 mm, 100.2572 mm): Zone [GND] on F.Cu, priority 0
[clearance]: Clearance violation (zone clearance 0.2032 mm; actual 0.1959 mm)
    Local override; error
    @(109.3049 mm, 104.4275 mm): Track [/single esc 2/PHASE_A_0] on F.Cu, length 0.5169 mm
    @(99.8000 mm, 100.2572 mm): Zone [GND] on F.Cu, priority 0
[clearance]: Clearance violation (zone clearance 0.2032 mm; actual 0.1983 mm)
    Local override; error
    @(110.8049 mm, 108.6444 mm): Track [/RC_IN_0] on F.Cu, length 0.5000 mm
    @(99.8000 mm, 100.2572 mm): Zone [GND] on F.Cu, priority 0
[clearance]: Clearance violation (zone clearance 0.2032 mm; actual 0.1983 mm)
    Local override; error
    @(110.3549 mm, 108.1944 mm): Track [/RC_IN_0] on F.Cu, length 0.6364 mm
    @(99.8000 mm, 100.2572 mm): Zone [GND] on F.Cu, priority 0
[clearance]: Clearance violation (zone clearance 0.2032 mm; actual 0.1997 mm)
    Local override; error
    @(109.6416 mm, 116.0951 mm): Track [/single esc 4/Ap_0] on F.Cu, length 0.5298 mm
    @(99.8000 mm, 100.2572 mm): Zone [GND] on F.Cu, priority 0
[clearance]: Clearance violation (zone clearance 0.2032 mm; actual 0.1997 mm)
    Local override; error
    @(109.6416 mm, 117.2661 mm): Track [/single esc 4/Ap_0] on F.Cu, length 1.1709 mm
    @(99.8000 mm, 100.2572 mm): Zone [GND] on F.Cu, priority 0
[clearance]: Clearance violation (zone clearance 0.2032 mm; actual 0.2001 mm)
    Local override; error
    @(105.7753 mm, 116.5037 mm): Track [/single esc 4/Ac_0] on F.Cu, length 0.2596 mm
    @(99.8000 mm, 100.2572 mm): Zone [GND] on F.Cu, priority 0
[clearance]: Clearance violation (zone clearance 0.2032 mm; actual 0.2001 mm)
    Local override; error
    @(105.5918 mm, 116.3201 mm): Track [/single esc 4/Ac_0] on F.Cu, length 0.6698 mm
    @(99.8000 mm, 100.2572 mm): Zone [GND] on F.Cu, priority 0
[clearance]: Clearance violation (zone clearance 0.2032 mm; actual 0.1954 mm)
    Local override; error
    @(102.5271 mm, 116.1434 mm): Track [Net-(FET12-N_G)] on F.Cu, length 0.1347 mm
    @(99.8000 mm, 100.2572 mm): Zone [GND] on F.Cu, priority 0
[clearance]: Clearance violation (zone clearance 0.2032 mm; actual 0.1954 mm)
    Local override; error
    @(101.8039 mm, 116.1434 mm): Track [Net-(FET12-N_G)] on F.Cu, length 0.7232 mm
    @(99.8000 mm, 100.2572 mm): Zone [GND] on F.Cu, priority 0
[clearance]: Clearance violation (zone clearance 0.2032 mm; actual 0.1954 mm)
    Local override; error
    @(101.5549 mm, 115.8944 mm): Track [Net-(FET12-N_G)] on F.Cu, length 0.3521 mm
    @(99.8000 mm, 100.2572 mm): Zone [GND] on F.Cu, priority 0
[clearance]: Clearance violation (zone clearance 0.2032 mm; actual 0.1959 mm)
    Local override; error
    @(111.0108 mm, 104.9635 mm): Track [Net-(U2-P0.5)] on F.Cu, length 0.3265 mm
    @(99.8000 mm, 100.2572 mm): Zone [GND] on F.Cu, priority 0
[clearance]: Clearance violation (zone clearance 0.2032 mm; actual 0.1959 mm)
    Local override; error
    @(112.7430 mm, 104.9635 mm): Track [Net-(U2-P0.5)] on F.Cu, length 1.7322 mm
    @(99.8000 mm, 100.2572 mm): Zone [GND] on F.Cu, priority 0
[clearance]: Clearance violation (zone clearance 0.2032 mm; actual 0.1954 mm)
    Local override; error
    @(111.2622 mm, 104.1241 mm): Track [/single esc 1/Ap_0] on F.Cu, length 0.6322 mm
    @(99.8000 mm, 100.2572 mm): Zone [GND] on F.Cu, priority 0
[clearance]: Clearance violation (zone clearance 0.2032 mm; actual 0.1954 mm)
    Local override; error
    @(111.2622 mm, 104.1241 mm): Track [/single esc 1/Ap_0] on F.Cu, length 0.4877 mm
    @(99.8000 mm, 100.2572 mm): Zone [GND] on F.Cu, priority 0
[clearance]: Clearance violation (zone clearance 0.2032 mm; actual 0.1954 mm)
    Local override; error
    @(111.7498 mm, 104.1241 mm): Track [/single esc 1/Ap_0] on F.Cu, length 0.7112 mm
    @(99.8000 mm, 100.2572 mm): Zone [GND] on F.Cu, priority 0
[clearance]: Clearance violation (zone clearance 0.2032 mm; actual 0.1954 mm)
    Local override; error
    @(110.2055 mm, 101.8000 mm): Track [/single esc 1/Ap_0] on F.Cu, length 0.6452 mm
    @(99.8000 mm, 100.2572 mm): Zone [GND] on F.Cu, priority 0
[clearance]: Clearance violation (zone clearance 0.2032 mm; actual 0.1954 mm)
    Local override; error
    @(110.5861 mm, 101.4194 mm): Track [/single esc 1/Ap_0] on F.Cu, length 0.5383 mm
    @(99.8000 mm, 100.2572 mm): Zone [GND] on F.Cu, priority 0
[clearance]: Clearance violation (zone clearance 0.2032 mm; actual 0.1954 mm)
    Local override; error
    @(118.4799 mm, 103.8285 mm): Track [Net-(FET3-N_G)] on F.Cu, length 0.1208 mm
    @(99.8000 mm, 100.2572 mm): Zone [GND] on F.Cu, priority 0
[clearance]: Clearance violation (zone clearance 0.2032 mm; actual 0.1954 mm)
    Local override; error
    @(118.3945 mm, 103.7431 mm): Track [Net-(FET3-N_G)] on F.Cu, length 0.8179 mm
    @(99.8000 mm, 100.2572 mm): Zone [GND] on F.Cu, priority 0
[clearance]: Clearance violation (zone clearance 0.2032 mm; actual 0.1925 mm)
    Local override; error
    @(109.2299 mm, 110.0444 mm): Track [/single esc 1/3V3] on F.Cu, length 1.1154 mm
    @(99.8000 mm, 100.2572 mm): Zone [GND] on F.Cu, priority 0
[clearance]: Clearance violation (zone clearance 0.2032 mm; actual 0.1925 mm)
    Local override; error
    @(115.1799 mm, 110.5944 mm): Track [/single esc 1/3V3] on F.Cu, length 0.9253 mm
    @(99.8000 mm, 100.2572 mm): Zone [GND] on F.Cu, priority 0
[clearance]: Clearance violation (zone clearance 0.2032 mm; actual 0.1925 mm)
    Local override; error
    @(111.3299 mm, 110.0444 mm): Track [/single esc 1/3V3] on F.Cu, length 1.4750 mm
    @(99.8000 mm, 100.2572 mm): Zone [GND] on F.Cu, priority 0
[clearance]: Clearance violation (zone clearance 0.2032 mm; actual 0.1925 mm)
    Local override; error
    @(113.9049 mm, 108.9444 mm): Track [/single esc 1/3V3] on F.Cu, length 0.1000 mm
    @(99.8000 mm, 100.2572 mm): Zone [GND] on F.Cu, priority 0
[clearance]: Clearance violation (zone clearance 0.2032 mm; actual 0.1925 mm)
    Local override; error
    @(114.0049 mm, 108.9444 mm): Track [/single esc 1/3V3] on F.Cu, length 0.3182 mm
    @(99.8000 mm, 100.2572 mm): Zone [GND] on F.Cu, priority 0
[clearance]: Clearance violation (zone clearance 0.2032 mm; actual 0.1934 mm)
    Local override; error
    @(105.9049 mm, 111.3694 mm): Track [/single esc 1/3V3] on F.Cu, length 0.4653 mm
    @(99.8000 mm, 100.2572 mm): Zone [GND] on F.Cu, priority 0
[clearance]: Clearance violation (zone clearance 0.2032 mm; actual 0.1934 mm)
    Local override; error
    @(105.5759 mm, 111.6984 mm): Track [/single esc 1/3V3] on F.Cu, length 0.4653 mm
    @(99.8000 mm, 100.2572 mm): Zone [GND] on F.Cu, priority 0
[clearance]: Clearance violation (zone clearance 0.2032 mm; actual 0.1954 mm)
    Local override; error
    @(107.5049 mm, 109.0944 mm): Track [/single esc 1/3V3] on F.Cu, length 0.1000 mm
    @(99.8000 mm, 100.2572 mm): Zone [GND] on F.Cu, priority 0
[clearance]: Clearance violation (zone clearance 0.2032 mm; actual 0.1934 mm)
    Local override; error
    @(106.0299 mm, 108.9694 mm): Track [/single esc 1/3V3] on F.Cu, length 1.0253 mm
    @(99.8000 mm, 100.2572 mm): Zone [GND] on F.Cu, priority 0
[clearance]: Clearance violation (zone clearance 0.2032 mm; actual 0.1925 mm)
    Local override; error
    @(115.1549 mm, 111.5194 mm): Track [/single esc 1/3V3] on F.Cu, length 0.1768 mm
    @(99.8000 mm, 100.2572 mm): Zone [GND] on F.Cu, priority 0
[clearance]: Clearance violation (zone clearance 0.2032 mm; actual 0.1925 mm)
    Local override; error
    @(113.9049 mm, 108.9444 mm): Track [/single esc 1/3V3] on F.Cu, length 1.5556 mm
    @(99.8000 mm, 100.2572 mm): Zone [GND] on F.Cu, priority 0
[clearance]: Clearance violation (zone clearance 0.2032 mm; actual 0.1934 mm)
    Local override; error
    @(106.0299 mm, 109.5444 mm): Track [/single esc 1/3V3] on F.Cu, length 0.5750 mm
    @(99.8000 mm, 100.2572 mm): Zone [GND] on F.Cu, priority 0
[clearance]: Clearance violation (zone clearance 0.2032 mm; actual 0.1925 mm)
    Local override; error
    @(108.1145 mm, 110.0444 mm): Track [/single esc 1/3V3] on F.Cu, length 0.7207 mm
    @(99.8000 mm, 100.2572 mm): Zone [GND] on F.Cu, priority 0
[clearance]: Clearance violation (zone clearance 0.2032 mm; actual 0.1925 mm)
    Local override; error
    @(112.8049 mm, 110.0444 mm): Track [/single esc 1/3V3] on F.Cu, length 0.8485 mm
    @(99.8000 mm, 100.2572 mm): Zone [GND] on F.Cu, priority 0
[clearance]: Clearance violation (zone clearance 0.2032 mm; actual 0.1925 mm)
    Local override; error
    @(112.8049 mm, 110.0444 mm): Track [/single esc 1/3V3] on F.Cu, length 0.8485 mm
    @(99.8000 mm, 100.2572 mm): Zone [GND] on F.Cu, priority 0
[clearance]: Clearance violation ( clearance 0.1524 mm; actual 0.1078 mm)
    Local override; error
    @(111.2389 mm, 106.1784 mm): Track [<no net>] on B.Cu, length 0.0820 mm
    @(110.7549 mm, 106.4444 mm): Pad 1 [Net-(R12-~-Pad1)] of R16 on B.Cu
[shorting_items]: Items shorting two nets (nets  and Net-(U5-P0.0))
    Local override; error
    @(105.7049 mm, 113.7444 mm): Track [<no net>] on B.Cu, length 0.0500 mm
    @(105.8363 mm, 113.7558 mm): Pad 2 [Net-(U5-P0.0)] of R79 on B.Cu
[shorting_items]: Items shorting two nets (nets Net-(R74-~-Pad2) and )
    Local override; error
    @(105.7049 mm, 114.6944 mm): Pad 2 [Net-(R74-~-Pad2)] of R74 on B.Cu
    @(105.7049 mm, 114.6944 mm): Track [<no net>] on B.Cu, length 0.7000 mm
[shorting_items]: Items shorting two nets (nets  and Net-(R76-~-Pad2))
    Local override; error
    @(105.1361 mm, 113.7558 mm): Track [<no net>] on B.Cu, length 0.2976 mm
    @(105.1361 mm, 113.7558 mm): Pad 1 [Net-(R76-~-Pad2)] of R77 on B.Cu
[shorting_items]: Items shorting two nets (nets  and Net-(R72-~-Pad1))
    Local override; error
    @(107.3049 mm, 114.6944 mm): Track [<no net>] on B.Cu, length 0.5000 mm
    @(107.2549 mm, 114.6944 mm): Pad 1 [Net-(R72-~-Pad1)] of R72 on B.Cu
[shorting_items]: Items shorting two nets (nets Net-(U4-P0.0) and )
    Local override; error
    @(113.4430 mm, 112.7753 mm): Pad 2 [Net-(U4-P0.0)] of U4 on B.Cu
    @(113.4430 mm, 112.7753 mm): Track [<no net>] on B.Cu, length 0.3414 mm
[shorting_items]: Items shorting two nets (nets  and Net-(R72-~-Pad1))
    Local override; error
    @(107.3049 mm, 114.6944 mm): Track [<no net>] on B.Cu, length 0.7000 mm
    @(107.2549 mm, 114.6944 mm): Pad 1 [Net-(R72-~-Pad1)] of R72 on B.Cu
[shorting_items]: Items shorting two nets (nets  and Net-(R76-~-Pad2))
    Local override; error
    @(109.3049 mm, 112.4944 mm): Track [<no net>] on B.Cu, length 0.3000 mm
    @(109.3049 mm, 112.4944 mm): Pad 2 [Net-(R76-~-Pad2)] of R76 on B.Cu
[shorting_items]: Items shorting two nets (nets  and Net-(U5-P0.2))
    Local override; error
    @(108.1951 mm, 112.7944 mm): Track [<no net>] on B.Cu, length 0.0902 mm
    @(108.1049 mm, 112.7944 mm): Pad 2 [Net-(U5-P0.2)] of R78 on B.Cu
[clearance]: Clearance violation ( clearance 0.1524 mm; actual 0.0238 mm)
    Local override; error
    @(108.1549 mm, 114.6944 mm): Pad 2 [Net-(R72-~-Pad2)] of R72 on B.Cu
    @(108.7549 mm, 114.3944 mm): Track [<no net>] on B.Cu, length 0.4243 mm
[shorting_items]: Items shorting two nets (nets Net-(U2-P0.0) and )
    Local override; error
    @(114.1985 mm, 106.1580 mm): Pad 2 [Net-(U2-P0.0)] of R19 on B.Cu
    @(114.1985 mm, 106.1580 mm): Track [<no net>] on B.Cu, length 0.3322 mm
[shorting_items]: Items shorting two nets (nets Net-(U4-P0.0) and )
    Local override; error
    @(113.4430 mm, 112.7753 mm): Pad 2 [Net-(U4-P0.0)] of U4 on B.Cu
    @(113.4430 mm, 112.7753 mm): Track [<no net>] on B.Cu, length 0.3428 mm
[shorting_items]: Items shorting two nets (nets  and Net-(R72-~-Pad2))
    Local override; error
    @(108.1549 mm, 114.6944 mm): Track [<no net>] on B.Cu, length 0.3000 mm
    @(108.1549 mm, 114.6944 mm): Pad 2 [Net-(R72-~-Pad2)] of R72 on B.Cu
[shorting_items]: Items shorting two nets (nets  and Net-(U5-P0.2))
    Local override; error
    @(108.5215 mm, 113.1208 mm): Track [<no net>] on B.Cu, length 0.4616 mm
    @(108.1049 mm, 112.7944 mm): Pad 2 [Net-(U5-P0.2)] of R78 on B.Cu
[shorting_items]: Items shorting two nets (nets Net-(R72-~-Pad1) and )
    Local override; error
    @(109.3049 mm, 113.3944 mm): Pad 1 [Net-(R72-~-Pad1)] of R76 on B.Cu
    @(109.3049 mm, 113.3944 mm): Track [<no net>] on B.Cu, length 0.2130 mm
[shorting_items]: Items shorting two nets (nets  and Net-(U5-P0.0))
    Local override; error
    @(105.7049 mm, 114.6944 mm): Track [<no net>] on B.Cu, length 0.9500 mm
    @(105.8363 mm, 113.7558 mm): Pad 2 [Net-(U5-P0.0)] of R79 on B.Cu
[clearance]: Clearance violation ( clearance 0.1524 mm; actual 0.0649 mm)
    Local override; error
    @(108.8771 mm, 113.6542 mm): Track [<no net>] on B.Cu, length 0.2514 mm
    @(109.3049 mm, 113.3944 mm): Pad 1 [Net-(R72-~-Pad1)] of R76 on B.Cu
[shorting_items]: Items shorting two nets (nets  and Net-(U5-P0.1))
    Local override; error
    @(105.7049 mm, 112.8894 mm): Track [<no net>] on B.Cu, length 0.0950 mm
    @(105.7049 mm, 112.7944 mm): Pad 2 [Net-(U5-P0.1)] of R80 on B.Cu
[shorting_items]: Items shorting two nets (nets  and Net-(U5-P0.1))
    Local override; error
    @(105.1361 mm, 113.4582 mm): Track [<no net>] on B.Cu, length 0.8044 mm
    @(105.7049 mm, 112.7944 mm): Pad 2 [Net-(U5-P0.1)] of R80 on B.Cu
[shorting_items]: Items shorting two nets (nets  and Net-(R72-~-Pad2))
    Local override; error
    @(109.0549 mm, 114.0944 mm): Track [<no net>] on B.Cu, length 0.2500 mm
    @(109.3049 mm, 114.0944 mm): Pad 1 [Net-(R72-~-Pad2)] of R73 on B.Cu
[shorting_items]: Items shorting two nets (nets  and Net-(R72-~-Pad1))
    Local override; error
    @(109.3049 mm, 113.6074 mm): Track [<no net>] on B.Cu, length 0.0662 mm
    @(109.3049 mm, 113.3944 mm): Pad 1 [Net-(R72-~-Pad1)] of R76 on B.Cu
[shorting_items]: Items shorting two nets (nets  and Net-(R72-~-Pad2))
    Local override; error
    @(108.7549 mm, 114.3944 mm): Track [<no net>] on B.Cu, length 0.4243 mm
    @(109.3049 mm, 114.0944 mm): Pad 1 [Net-(R72-~-Pad2)] of R73 on B.Cu
[shorting_items]: Items shorting two nets (nets  and Net-(U5-P0.0))
    Local override; error
    @(105.7049 mm, 113.6944 mm): Track [<no net>] on B.Cu, length 0.6364 mm
    @(105.8363 mm, 113.7558 mm): Pad 2 [Net-(U5-P0.0)] of R79 on B.Cu
[shorting_items]: Items shorting two nets (nets  and Net-(R72-~-Pad1))
    Local override; error
    @(109.2581 mm, 113.6542 mm): Track [<no net>] on B.Cu, length 0.3810 mm
    @(109.3049 mm, 113.3944 mm): Pad 1 [Net-(R72-~-Pad1)] of R76 on B.Cu
[shorting_items]: Items shorting two nets (nets  and Net-(U2-P0.0))
    Local override; error
    @(114.1985 mm, 105.8258 mm): Track [<no net>] on B.Cu, length 0.1858 mm
    @(114.1985 mm, 106.1580 mm): Pad 2 [Net-(U2-P0.0)] of R19 on B.Cu
[shorting_items]: Items shorting two nets (nets  and Net-(R76-~-Pad2))
    Local override; error
    @(109.3049 mm, 112.1944 mm): Track [<no net>] on B.Cu, length 0.3000 mm
    @(109.3049 mm, 112.4944 mm): Pad 2 [Net-(R76-~-Pad2)] of R76 on B.Cu
[clearance]: Clearance violation ( clearance 0.1524 mm; actual 0.1238 mm)
    Local override; error
    @(107.3049 mm, 114.1944 mm): Track [<no net>] on B.Cu, length 0.3263 mm
    @(107.2549 mm, 114.6944 mm): Pad 1 [Net-(R72-~-Pad1)] of R72 on B.Cu
[shorting_items]: Items shorting two nets (nets  and Net-(U3-P0.0))
    Local override; error
    @(106.5918 mm, 107.5299 mm): Track [<no net>] on B.Cu, length 0.3414 mm
    @(106.5918 mm, 107.1885 mm): Pad 2 [Net-(U3-P0.0)] of U3 on B.Cu
[clearance]: Clearance violation ( clearance 0.1524 mm; actual 0.0238 mm)
    Local override; error
    @(109.1049 mm, 111.9944 mm): Track [<no net>] on B.Cu, length 0.2828 mm
    @(109.3049 mm, 112.4944 mm): Pad 2 [Net-(R76-~-Pad2)] of R76 on B.Cu
[shorting_items]: Items shorting two nets (nets  and Net-(U3-P0.0))
    Local override; error
    @(106.8705 mm, 107.8086 mm): Track [<no net>] on B.Cu, length 0.3941 mm
    @(106.5918 mm, 107.1885 mm): Pad 2 [Net-(U3-P0.0)] of U3 on B.Cu
[shorting_items]: Items shorting two nets (nets  and Net-(R12-~-Pad1))
    Local override; error
    @(111.2389 mm, 106.2604 mm): Track [<no net>] on B.Cu, length 0.2602 mm
    @(110.7549 mm, 106.4444 mm): Pad 1 [Net-(R12-~-Pad1)] of R16 on B.Cu
[shorting_items]: Items shorting two nets (nets  and Net-(R12-~-Pad1))
    Local override; error
    @(111.0549 mm, 106.4444 mm): Track [<no net>] on B.Cu, length 0.3000 mm
    @(110.7549 mm, 106.4444 mm): Pad 1 [Net-(R12-~-Pad1)] of R16 on B.Cu
[clearance]: Clearance violation ( clearance 0.1524 mm; actual 0.0114 mm)
    Local override; error
    @(106.1049 mm, 112.0068 mm): Track [<no net>] on B.Cu, length 0.5657 mm
    @(105.7049 mm, 112.7944 mm): Pad 2 [Net-(U5-P0.1)] of R80 on B.Cu
[shorting_items]: Items shorting two nets (nets  and Net-(U3-P0.1))
    Local override; error
    @(107.2918 mm, 107.1885 mm): Track [<no net>] on B.Cu, length 0.0428 mm
    @(107.2918 mm, 107.1885 mm): Pad 1 [Net-(U3-P0.1)] of U3 on B.Cu
[clearance]: Clearance violation ( clearance 0.1524 mm; actual 0.1193 mm)
    Local override; error
    @(111.2389 mm, 106.1784 mm): Track [<no net>] on B.Cu, length 0.1366 mm
    @(110.7549 mm, 106.4444 mm): Pad 1 [Net-(R12-~-Pad1)] of R16 on B.Cu
[shorting_items]: Items shorting two nets (nets  and Net-(R16-~-Pad2))
    Local override; error
    @(110.7299 mm, 107.4194 mm): Track [<no net>] on B.Cu, length 0.3000 mm
    @(110.7549 mm, 107.3444 mm): Pad 2 [Net-(R16-~-Pad2)] of R16 on B.Cu
[shorting_items]: Items shorting two nets (nets  and Net-(U4-P0.1))
    Local override; error
    @(112.7430 mm, 112.7753 mm): Track [<no net>] on B.Cu, length 0.0428 mm
    @(112.7430 mm, 112.7753 mm): Pad 1 [Net-(U4-P0.1)] of U4 on B.Cu
[shorting_items]: Items shorting two nets (nets  and Net-(U3-P0.1))
    Local override; error
    @(107.2918 mm, 107.1885 mm): Track [<no net>] on B.Cu, length 0.3072 mm
    @(107.2918 mm, 107.1885 mm): Pad 1 [Net-(U3-P0.1)] of U3 on B.Cu
[shorting_items]: Items shorting two nets (nets  and Net-(U2-P0.1))
    Local override; error
    @(114.3299 mm, 107.0244 mm): Track [<no net>] on B.Cu, length 0.0950 mm
    @(114.3299 mm, 107.1194 mm): Pad 2 [Net-(U2-P0.1)] of R20 on B.Cu
[shorting_items]: Items shorting two nets (nets  and Net-(U2-P0.1))
    Local override; error
    @(114.8987 mm, 106.4556 mm): Track [<no net>] on B.Cu, length 0.8044 mm
    @(114.3299 mm, 107.1194 mm): Pad 2 [Net-(U2-P0.1)] of R20 on B.Cu
[shorting_items]: Items shorting two nets (nets  and Net-(U3-P0.1))
    Local override; error
    @(107.3067 mm, 107.1736 mm): Track [<no net>] on B.Cu, length 0.4782 mm
    @(107.2918 mm, 107.1885 mm): Pad 1 [Net-(U3-P0.1)] of U3 on B.Cu
[shorting_items]: Items shorting two nets (nets  and Net-(U4-P0.1))
    Local override; error
    @(112.7430 mm, 112.7753 mm): Track [<no net>] on B.Cu, length 0.0211 mm
    @(112.7430 mm, 112.7753 mm): Pad 1 [Net-(U4-P0.1)] of U4 on B.Cu
[clearance]: Clearance violation ( clearance 0.1524 mm; actual 0.0669 mm)
    Local override; error
    @(107.7849 mm, 107.1736 mm): Track [<no net>] on B.Cu, length 0.3048 mm
    @(107.2918 mm, 107.1885 mm): Pad 1 [Net-(U3-P0.1)] of U3 on B.Cu
[shorting_items]: Items shorting two nets (nets  and Net-(R16-~-Pad2))
    Local override; error
    @(110.7299 mm, 107.7194 mm): Track [<no net>] on B.Cu, length 0.3000 mm
    @(110.7549 mm, 107.3444 mm): Pad 2 [Net-(R16-~-Pad2)] of R16 on B.Cu
[shorting_items]: Items shorting two nets (nets  and Net-(R16-~-Pad2))
    Local override; error
    @(114.8987 mm, 106.1580 mm): Track [<no net>] on B.Cu, length 0.2976 mm
    @(114.8987 mm, 106.1580 mm): Pad 1 [Net-(R16-~-Pad2)] of R17 on B.Cu
[shorting_items]: Items shorting two nets (nets  and Net-(U4-P0.1))
    Local override; error
    @(112.7281 mm, 112.7902 mm): Track [<no net>] on B.Cu, length 0.4782 mm
    @(112.7430 mm, 112.7753 mm): Pad 1 [Net-(U4-P0.1)] of U4 on B.Cu
[clearance]: Clearance violation ( clearance 0.1524 mm; actual 0.0669 mm)
    Local override; error
    @(112.2499 mm, 112.7902 mm): Track [<no net>] on B.Cu, length 0.3048 mm
    @(112.7430 mm, 112.7753 mm): Pad 1 [Net-(U4-P0.1)] of U4 on B.Cu
[clearance]: Clearance violation ( clearance 0.1524 mm; actual 0.0114 mm)
    Local override; error
    @(113.2659 mm, 108.5710 mm): Track [<no net>] on B.Cu, length 1.5047 mm
    @(114.3299 mm, 107.1194 mm): Pad 2 [Net-(U2-P0.1)] of R20 on B.Cu
[clearance]: Clearance violation ( clearance 0.1524 mm; actual 0.0874 mm)
    Local override; error
    @(114.3299 mm, 105.2194 mm): Track [<no net>] on B.Cu, length 0.4750 mm
    @(114.1985 mm, 106.1580 mm): Pad 2 [Net-(U2-P0.0)] of R19 on B.Cu
[shorting_items]: Items shorting two nets (nets  and Net-(U2-P0.0))
    Local override; error
    @(114.3299 mm, 106.1694 mm): Track [<no net>] on B.Cu, length 0.0500 mm
    @(114.1985 mm, 106.1580 mm): Pad 2 [Net-(U2-P0.0)] of R19 on B.Cu
[shorting_items]: Items shorting two nets (nets  and Net-(U2-P0.0))
    Local override; error
    @(114.3299 mm, 106.2194 mm): Track [<no net>] on B.Cu, length 0.6364 mm
    @(114.1985 mm, 106.1580 mm): Pad 2 [Net-(U2-P0.0)] of R19 on B.Cu
[shorting_items]: Items shorting two nets (nets  and Net-(U4-P0.1))
    Local override; error
    @(112.7430 mm, 112.7753 mm): Track [<no net>] on B.Cu, length 0.3072 mm
    @(112.7430 mm, 112.7753 mm): Pad 1 [Net-(U4-P0.1)] of U4 on B.Cu
[shorting_items]: Items shorting two nets (nets  and Net-(U3-P0.0))
    Local override; error
    @(106.5918 mm, 107.1885 mm): Track [<no net>] on B.Cu, length 0.3414 mm
    @(106.5918 mm, 107.1885 mm): Pad 2 [Net-(U3-P0.0)] of U3 on B.Cu
[shorting_items]: Items shorting two nets (nets  and Net-(R12-~-Pad2))
    Local override; error
    @(110.9799 mm, 105.8194 mm): Track [<no net>] on B.Cu, length 0.2500 mm
    @(110.7299 mm, 105.8194 mm): Pad 1 [Net-(R12-~-Pad2)] of R13 on B.Cu
[shorting_items]: Items shorting two nets (nets  and Net-(R12-~-Pad2))
    Local override; error
    @(111.2799 mm, 105.5194 mm): Track [<no net>] on B.Cu, length 0.4243 mm
    @(110.7299 mm, 105.8194 mm): Pad 1 [Net-(R12-~-Pad2)] of R13 on B.Cu
[shorting_items]: Items shorting two nets (nets  and Net-(U3-P0.2))
    Local override; error
    @(107.7094 mm, 106.4885 mm): Track [<no net>] on B.Cu, length 0.2505 mm
    @(107.2918 mm, 106.4885 mm): Pad 20 [Net-(U3-P0.2)] of U3 on B.Cu
[shorting_items]: Items shorting two nets (nets  and Net-(R14-~-Pad2))
    Local override; error
    @(114.3299 mm, 105.2194 mm): Track [<no net>] on B.Cu, length 0.7000 mm
    @(114.3299 mm, 105.2194 mm): Pad 2 [Net-(R14-~-Pad2)] of R14 on B.Cu
[shorting_items]: Items shorting two nets (nets  and Net-(R12-~-Pad2))
    Local override; error
    @(111.8799 mm, 105.2194 mm): Track [<no net>] on B.Cu, length 0.3000 mm
    @(111.8799 mm, 105.2194 mm): Pad 2 [Net-(R12-~-Pad2)] of R12 on B.Cu
[shorting_items]: Items shorting two nets (nets  and Net-(U4-P0.2))
    Local override; error
    @(112.3254 mm, 113.4753 mm): Track [<no net>] on B.Cu, length 0.2505 mm
    @(112.7430 mm, 113.4753 mm): Pad 20 [Net-(U4-P0.2)] of U4 on B.Cu
[shorting_items]: Items shorting two nets (nets  and Net-(U2-P0.2))
    Local override; error
    @(111.8397 mm, 107.1194 mm): Track [<no net>] on B.Cu, length 0.0902 mm
    @(111.9299 mm, 107.1194 mm): Pad 2 [Net-(U2-P0.2)] of R18 on B.Cu
[clearance]: Clearance violation ( clearance 0.1524 mm; actual 0.0238 mm)
    Local override; error
    @(111.2799 mm, 105.5194 mm): Track [<no net>] on B.Cu, length 0.4243 mm
    @(111.8799 mm, 105.2194 mm): Pad 2 [Net-(R12-~-Pad2)] of R12 on B.Cu
[shorting_items]: Items shorting two nets (nets  and Net-(U3-P0.2))
    Local override; error
    @(107.2918 mm, 106.4885 mm): Track [<no net>] on B.Cu, length 0.4176 mm
    @(107.2918 mm, 106.4885 mm): Pad 20 [Net-(U3-P0.2)] of U3 on B.Cu
[shorting_items]: Items shorting two nets (nets  and Net-(U4-P0.2))
    Local override; error
    @(112.7430 mm, 113.4753 mm): Track [<no net>] on B.Cu, length 0.4176 mm
    @(112.7430 mm, 113.4753 mm): Pad 20 [Net-(U4-P0.2)] of U4 on B.Cu
[shorting_items]: Items shorting two nets (nets  and Net-(R12-~-Pad1))
    Local override; error
    @(112.7299 mm, 105.2194 mm): Track [<no net>] on B.Cu, length 0.7000 mm
    @(112.7799 mm, 105.2194 mm): Pad 1 [Net-(R12-~-Pad1)] of R12 on B.Cu
[shorting_items]: Items shorting two nets (nets  and Net-(U2-P0.2))
    Local override; error
    @(111.5133 mm, 106.7930 mm): Track [<no net>] on B.Cu, length 0.4616 mm
    @(111.9299 mm, 107.1194 mm): Pad 2 [Net-(U2-P0.2)] of R18 on B.Cu
[shorting_items]: Items shorting two nets (nets  and Net-(R12-~-Pad1))
    Local override; error
    @(110.8979 mm, 106.5194 mm): Track [<no net>] on B.Cu, length 0.1680 mm
    @(110.7549 mm, 106.4444 mm): Pad 1 [Net-(R12-~-Pad1)] of R16 on B.Cu
[shorting_items]: Items shorting two nets (nets  and Net-(R12-~-Pad1))
    Local override; error
    @(110.7299 mm, 106.5194 mm): Track [<no net>] on B.Cu, length 0.2130 mm
    @(110.7549 mm, 106.4444 mm): Pad 1 [Net-(R12-~-Pad1)] of R16 on B.Cu
[shorting_items]: Items shorting two nets (nets  and Net-(U4-P0.3))
    Local override; error
    @(112.7430 mm, 113.9753 mm): Track [<no net>] on B.Cu, length 0.7304 mm
    @(112.7430 mm, 113.9753 mm): Pad 19 [Net-(U4-P0.3)] of U4 on B.Cu
[shorting_items]: Items shorting two nets (nets  and Net-(R32-~-Pad2))
    Local override; error
    @(108.7549 mm, 105.5444 mm): Via [<no net>] on F.Cu - B.Cu
    @(109.3049 mm, 105.8444 mm): Pad 1 [Net-(R32-~-Pad2)] of R33 on F.Cu
[shorting_items]: Items shorting two nets (nets  and Net-(R52-~-Pad2))
    Local override; error
    @(111.2799 mm, 114.4194 mm): Via [<no net>] on F.Cu - B.Cu
    @(110.7299 mm, 114.1194 mm): Pad 1 [Net-(R52-~-Pad2)] of R53 on F.Cu
[shorting_items]: Items shorting two nets (nets Net-(U5-P0.2) and )
    Local override; error
    @(108.1049 mm, 112.7944 mm): Pad 2 [Net-(U5-P0.2)] of R78 on B.Cu
    @(108.5215 mm, 113.1208 mm): Via [<no net>] on F.Cu - B.Cu
[shorting_items]: Items shorting two nets (nets  and Net-(R12-~-Pad2))
    Local override; error
    @(111.2799 mm, 105.5194 mm): Via [<no net>] on F.Cu - B.Cu
    @(110.7299 mm, 105.8194 mm): Pad 1 [Net-(R12-~-Pad2)] of R13 on B.Cu
[clearance]: Clearance violation ( clearance 0.1524 mm; actual 0.0825 mm)
    Local override; error
    @(108.1549 mm, 114.6944 mm): Pad 2 [Net-(R72-~-Pad2)] of R72 on B.Cu
    @(108.7549 mm, 114.3944 mm): Via [<no net>] on F.Cu - B.Cu
[clearance]: Clearance violation ( clearance 0.1524 mm; actual 0.0575 mm)
    Local override; error
    @(110.9299 mm, 107.9194 mm): Via [<no net>] on F.Cu - B.Cu
    @(110.7549 mm, 107.3444 mm): Pad 2 [Net-(R16-~-Pad2)] of R16 on B.Cu
[shorting_items]: Items shorting two nets (nets  and Net-(U4-P0.2))
    Local override; error
    @(111.5133 mm, 113.1458 mm): Via [<no net>] on F.Cu - B.Cu
    @(111.9549 mm, 113.0444 mm): Pad 2 [Net-(U4-P0.2)] of R58 on F.Cu
[shorting_items]: Items shorting two nets (nets  and Net-(U3-P0.2))
    Local override; error
    @(108.5215 mm, 106.8180 mm): Via [<no net>] on F.Cu - B.Cu
    @(108.0799 mm, 106.8944 mm): Pad 2 [Net-(U3-P0.2)] of R38 on F.Cu
[shorting_items]: Items shorting two nets (nets  and Net-(U2-P0.2))
    Local override; error
    @(111.5133 mm, 106.7930 mm): Via [<no net>] on F.Cu - B.Cu
    @(111.9299 mm, 107.1194 mm): Pad 2 [Net-(U2-P0.2)] of R18 on B.Cu
[clearance]: Clearance violation (zone clearance 0.2032 mm; actual 0.1959 mm)
    Local override; error
    @(106.8705 mm, 107.8086 mm): Track [<no net>] on B.Cu, length 0.3941 mm
    @(99.8000 mm, 100.2572 mm): Zone [GND] on B.Cu, priority 0
[clearance]: Clearance violation (zone clearance 0.2032 mm; actual 0.1959 mm)
    Local override; error
    @(107.6941 mm, 107.8086 mm): Track [<no net>] on B.Cu, length 0.8236 mm
    @(99.8000 mm, 100.2572 mm): Zone [GND] on B.Cu, priority 0
[shorting_items]: Items shorting two nets (nets Net-(U3-P0.0) and )
    Local override; error
    @(105.8049 mm, 105.9444 mm): Pad 2 [Net-(U3-P0.0)] of R39 on F.Cu
    @(105.8049 mm, 105.9444 mm): Track [<no net>] on F.Cu, length 0.8500 mm
[clearance]: Clearance violation (zone clearance 0.2032 mm; actual 0.2000 mm)
    Local override; error
    @(113.1799 mm, 112.1694 mm): Track [<no net>] on B.Cu, length 0.7000 mm
    @(99.8000 mm, 100.2572 mm): Zone [GND] on B.Cu, priority 0
[shorting_items]: Items shorting two nets (nets Net-(U5-P0.0) and )
    Local override; error
    @(106.5918 mm, 112.7503 mm): Pad 2 [Net-(U5-P0.0)] of U5 on F.Cu
    @(106.5918 mm, 112.7503 mm): Track [<no net>] on F.Cu, length 0.3414 mm
[shorting_items]: Items shorting two nets (nets Net-(R56-~-Pad2) and )
    Local override; error
    @(110.7299 mm, 112.5194 mm): Pad 2 [Net-(R56-~-Pad2)] of R56 on F.Cu
    @(110.7299 mm, 112.5194 mm): Track [<no net>] on F.Cu, length 0.6000 mm
[shorting_items]: Items shorting two nets (nets Net-(R54-~-Pad2) and )
    Local override; error
    @(114.2049 mm, 114.8944 mm): Pad 2 [Net-(R54-~-Pad2)] of R54 on F.Cu
    @(114.2049 mm, 114.8944 mm): Track [<no net>] on F.Cu, length 0.3000 mm
[shorting_items]: Items shorting two nets (nets Net-(U3-P0.1) and )
    Local override; error
    @(105.7049 mm, 106.8944 mm): Pad 2 [Net-(U3-P0.1)] of R40 on F.Cu
    @(105.7049 mm, 106.8944 mm): Track [<no net>] on F.Cu, length 0.4500 mm
[shorting_items]: Items shorting two nets (nets  and Net-(U5-P0.1))
    Local override; error
    @(107.2918 mm, 112.7503 mm): Track [<no net>] on F.Cu, length 0.0428 mm
    @(107.2918 mm, 112.7503 mm): Pad 1 [Net-(U5-P0.1)] of U5 on F.Cu
[shorting_items]: Items shorting two nets (nets  and Net-(R52-~-Pad1))
    Local override; error
    @(110.9537 mm, 113.4194 mm): Track [<no net>] on F.Cu, length 0.2238 mm
    @(110.7299 mm, 113.4194 mm): Pad 1 [Net-(R52-~-Pad1)] of R56 on F.Cu
[shorting_items]: Items shorting two nets (nets  and Net-(R52-~-Pad1))
    Local override; error
    @(111.2736 mm, 113.7393 mm): Track [<no net>] on F.Cu, length 0.4524 mm
    @(110.7299 mm, 113.4194 mm): Pad 1 [Net-(R52-~-Pad1)] of R56 on F.Cu
[shorting_items]: Items shorting two nets (nets Net-(R32-~-Pad1) and )
    Local override; error
    @(109.2799 mm, 106.4444 mm): Pad 1 [Net-(R32-~-Pad1)] of R36 on F.Cu
    @(109.3049 mm, 106.4444 mm): Track [<no net>] on F.Cu, length 0.2680 mm
[shorting_items]: Items shorting two nets (nets  and Net-(U5-P0.3))
    Local override; error
    @(107.2918 mm, 113.9503 mm): Track [<no net>] on F.Cu, length 0.7304 mm
    @(107.2918 mm, 113.9503 mm): Pad 19 [Net-(U5-P0.3)] of U5 on F.Cu
[shorting_items]: Items shorting two nets (nets  and Net-(U5-P0.0))
    Local override; error
    @(106.5918 mm, 112.4089 mm): Track [<no net>] on F.Cu, length 0.3941 mm
    @(106.5918 mm, 112.7503 mm): Pad 2 [Net-(U5-P0.0)] of U5 on F.Cu
[shorting_items]: Items shorting two nets (nets  and Net-(R36-~-Pad2))
    Local override; error
    @(109.3049 mm, 107.3444 mm): Track [<no net>] on F.Cu, length 0.8750 mm
    @(109.2799 mm, 107.3444 mm): Pad 2 [Net-(R36-~-Pad2)] of R36 on F.Cu
[clearance]: Clearance violation (zone clearance 0.2032 mm; actual 0.1959 mm)
    Local override; error
    @(113.2659 mm, 108.5710 mm): Track [<no net>] on B.Cu, length 1.5047 mm
    @(99.8000 mm, 100.2572 mm): Zone [GND] on B.Cu, priority 0
[shorting_items]: Items shorting two nets (nets  and Net-(U2-P0.0))
    Local override; error
    @(113.4430 mm, 107.1635 mm): Track [<no net>] on F.Cu, length 0.3414 mm
    @(113.4430 mm, 107.1635 mm): Pad 2 [Net-(U2-P0.0)] of U2 on F.Cu
[clearance]: Clearance violation ( clearance 0.1524 mm; actual 0.0669 mm)
    Local override; error
    @(107.2918 mm, 112.7503 mm): Pad 1 [Net-(U5-P0.1)] of U5 on F.Cu
    @(107.7849 mm, 112.7652 mm): Track [<no net>] on F.Cu, length 0.3048 mm
[shorting_items]: Items shorting two nets (nets  and Net-(U5-P0.1))
    Local override; error
    @(107.3067 mm, 112.7652 mm): Track [<no net>] on F.Cu, length 0.4782 mm
    @(107.2918 mm, 112.7503 mm): Pad 1 [Net-(U5-P0.1)] of U5 on F.Cu
[shorting_items]: Items shorting two nets (nets  and Net-(U5-P0.2))
    Local override; error
    @(107.7094 mm, 113.4503 mm): Track [<no net>] on F.Cu, length 0.2505 mm
    @(107.2918 mm, 113.4503 mm): Pad 20 [Net-(U5-P0.2)] of U5 on F.Cu
[shorting_items]: Items shorting two nets (nets  and Net-(R34-~-Pad2))
    Local override; error
    @(105.4549 mm, 105.0944 mm): Track [<no net>] on F.Cu, length 0.3500 mm
    @(105.8049 mm, 105.0944 mm): Pad 2 [Net-(R34-~-Pad2)] of R34 on F.Cu
[clearance]: Clearance violation ( clearance 0.1524 mm; actual 0.0738 mm)
    Local override; error
    @(105.7049 mm, 107.3444 mm): Track [<no net>] on F.Cu, length 0.6364 mm
    @(105.7049 mm, 106.8944 mm): Pad 2 [Net-(U3-P0.1)] of R40 on F.Cu
[clearance]: Clearance violation ( clearance 0.1524 mm; actual 0.0238 mm)
    Local override; error
    @(106.1549 mm, 106.0194 mm): Track [<no net>] on F.Cu, length 0.0500 mm
    @(105.8049 mm, 105.9444 mm): Pad 2 [Net-(U3-P0.0)] of R39 on F.Cu
[shorting_items]: Items shorting two nets (nets  and Net-(U3-P0.0))
    Local override; error
    @(106.1049 mm, 106.0194 mm): Track [<no net>] on F.Cu, length 0.2250 mm
    @(105.8049 mm, 105.9444 mm): Pad 2 [Net-(U3-P0.0)] of R39 on F.Cu
[shorting_items]: Items shorting two nets (nets  and Net-(U2-P0.1))
    Local override; error
    @(112.7430 mm, 107.1635 mm): Track [<no net>] on F.Cu, length 0.0428 mm
    @(112.7430 mm, 107.1635 mm): Pad 1 [Net-(U2-P0.1)] of U2 on F.Cu
[shorting_items]: Items shorting two nets (nets  and Net-(U4-P0.1))
    Local override; error
    @(114.3299 mm, 112.9144 mm): Track [<no net>] on F.Cu, length 0.0950 mm
    @(114.3299 mm, 113.0444 mm): Pad 2 [Net-(U4-P0.1)] of R60 on F.Cu
[shorting_items]: Items shorting two nets (nets  and Net-(R36-~-Pad2))
    Local override; error
    @(109.3049 mm, 107.4444 mm): Track [<no net>] on F.Cu, length 0.3000 mm
    @(109.2799 mm, 107.3444 mm): Pad 2 [Net-(R36-~-Pad2)] of R36 on F.Cu
[shorting_items]: Items shorting two nets (nets  and Net-(U3-P0.1))
    Local override; error
    @(105.7049 mm, 107.0494 mm): Track [<no net>] on F.Cu, length 0.0950 mm
    @(105.7049 mm, 106.8944 mm): Pad 2 [Net-(U3-P0.1)] of R40 on F.Cu
[shorting_items]: Items shorting two nets (nets  and Net-(U4-P0.1))
    Local override; error
    @(114.8987 mm, 113.4832 mm): Track [<no net>] on F.Cu, length 0.8044 mm
    @(114.3299 mm, 113.0444 mm): Pad 2 [Net-(U4-P0.1)] of R60 on F.Cu
[shorting_items]: Items shorting two nets (nets  and Net-(U3-P0.1))
    Local override; error
    @(105.1361 mm, 106.4806 mm): Track [<no net>] on F.Cu, length 0.8044 mm
    @(105.7049 mm, 106.8944 mm): Pad 2 [Net-(U3-P0.1)] of R40 on F.Cu
[shorting_items]: Items shorting two nets (nets  and Net-(U2-P0.1))
    Local override; error
    @(112.7281 mm, 107.1486 mm): Track [<no net>] on F.Cu, length 0.4782 mm
    @(112.7430 mm, 107.1635 mm): Pad 1 [Net-(U2-P0.1)] of U2 on F.Cu
[shorting_items]: Items shorting two nets (nets  and Net-(R56-~-Pad2))
    Local override; error
    @(114.8987 mm, 113.7808 mm): Track [<no net>] on F.Cu, length 0.2976 mm
    @(114.8987 mm, 113.7808 mm): Pad 1 [Net-(R56-~-Pad2)] of R57 on F.Cu
[shorting_items]: Items shorting two nets (nets  and Net-(U2-P0.1))
    Local override; error
    @(112.7430 mm, 107.1635 mm): Track [<no net>] on F.Cu, length 0.0211 mm
    @(112.7430 mm, 107.1635 mm): Pad 1 [Net-(U2-P0.1)] of U2 on F.Cu
[clearance]: Clearance violation ( clearance 0.1524 mm; actual 0.0669 mm)
    Local override; error
    @(112.2499 mm, 107.1486 mm): Track [<no net>] on F.Cu, length 0.3048 mm
    @(112.7430 mm, 107.1635 mm): Pad 1 [Net-(U2-P0.1)] of U2 on F.Cu
[shorting_items]: Items shorting two nets (nets  and Net-(R32-~-Pad2))
    Local override; error
    @(108.7549 mm, 105.5444 mm): Track [<no net>] on F.Cu, length 0.4243 mm
    @(109.3049 mm, 105.8444 mm): Pad 1 [Net-(R32-~-Pad2)] of R33 on F.Cu
[shorting_items]: Items shorting two nets (nets  and Net-(R32-~-Pad2))
    Local override; error
    @(109.0549 mm, 105.8444 mm): Track [<no net>] on F.Cu, length 0.2500 mm
    @(109.3049 mm, 105.8444 mm): Pad 1 [Net-(R32-~-Pad2)] of R33 on F.Cu
[shorting_items]: Items shorting two nets (nets  and Net-(R34-~-Pad2))
    Local override; error
    @(105.0049 mm, 105.2444 mm): Track [<no net>] on F.Cu, length 0.3000 mm
    @(105.0049 mm, 105.2444 mm): Pad 1 [Net-(R34-~-Pad2)] of R35 on F.Cu
[clearance]: Clearance violation (zone clearance 0.2032 mm; actual 0.1977 mm)
    Local override; error
    @(106.5918 mm, 112.4089 mm): Track [<no net>] on F.Cu, length 0.3941 mm
    @(99.8000 mm, 100.2572 mm): Zone [GND] on F.Cu, priority 0
[clearance]: Clearance violation (zone clearance 0.2032 mm; actual 0.1959 mm)
    Local override; error
    @(108.2929 mm, 112.5620 mm): Track [<no net>] on F.Cu, length 0.7112 mm
    @(99.8000 mm, 100.2572 mm): Zone [GND] on F.Cu, priority 0
[clearance]: Clearance violation (zone clearance 0.2032 mm; actual 0.2003 mm)
    Local override; error
    @(106.1549 mm, 106.0194 mm): Track [<no net>] on F.Cu, length 0.0500 mm
    @(99.8000 mm, 100.2572 mm): Zone [GND] on F.Cu, priority 0
[clearance]: Clearance violation (zone clearance 0.2032 mm; actual 0.1977 mm)
    Local override; error
    @(107.0191 mm, 112.1302 mm): Track [<no net>] on F.Cu, length 0.1486 mm
    @(99.8000 mm, 100.2572 mm): Zone [GND] on F.Cu, priority 0
[clearance]: Clearance violation (zone clearance 0.2032 mm; actual 0.1959 mm)
    Local override; error
    @(108.0897 mm, 112.7652 mm): Track [<no net>] on F.Cu, length 0.2874 mm
    @(99.8000 mm, 100.2572 mm): Zone [GND] on F.Cu, priority 0
[clearance]: Clearance violation (zone clearance 0.2032 mm; actual 0.1959 mm)
    Local override; error
    @(112.5049 mm, 111.3944 mm): Track [<no net>] on F.Cu, length 1.5500 mm
    @(99.8000 mm, 100.2572 mm): Zone [GND] on F.Cu, priority 0
[clearance]: Clearance violation (zone clearance 0.2032 mm; actual 0.1959 mm)
    Local override; error
    @(112.8049 mm, 111.8694 mm): Track [<no net>] on F.Cu, length 0.1750 mm
    @(99.8000 mm, 100.2572 mm): Zone [GND] on F.Cu, priority 0
[clearance]: Clearance violation (zone clearance 0.2032 mm; actual 0.1959 mm)
    Local override; error
    @(113.9049 mm, 112.1694 mm): Track [<no net>] on F.Cu, length 0.8000 mm
    @(99.8000 mm, 100.2572 mm): Zone [GND] on F.Cu, priority 0
[clearance]: Clearance violation (zone clearance 0.2032 mm; actual 0.1959 mm)
    Local override; error
    @(111.7419 mm, 107.3518 mm): Track [<no net>] on F.Cu, length 0.7112 mm
    @(99.8000 mm, 100.2572 mm): Zone [GND] on F.Cu, priority 0
[clearance]: Clearance violation (zone clearance 0.2032 mm; actual 0.1959 mm)
    Local override; error
    @(112.8049 mm, 111.6944 mm): Track [<no net>] on F.Cu, length 0.4243 mm
    @(99.8000 mm, 100.2572 mm): Zone [GND] on F.Cu, priority 0
[clearance]: Clearance violation (zone clearance 0.2032 mm; actual 0.1977 mm)
    Local override; error
    @(113.0157 mm, 107.7836 mm): Track [<no net>] on F.Cu, length 0.1486 mm
    @(99.8000 mm, 100.2572 mm): Zone [GND] on F.Cu, priority 0
[hole_clearance]: Hole clearance violation (board setup constraints hole clearance 0.2500 mm; actual 0.0765 mm)
    Rule: board setup constraints hole; error
    @(111.9549 mm, 113.0444 mm): Pad 2 [Net-(U4-P0.2)] of R58 on F.Cu
    @(111.5133 mm, 113.1458 mm): Via [<no net>] on F.Cu - B.Cu
[hole_clearance]: Hole clearance violation (board setup constraints hole clearance 0.2500 mm; actual 0.1042 mm)
    Rule: board setup constraints hole; error
    @(109.3049 mm, 105.8444 mm): Pad 1 [Net-(R32-~-Pad2)] of R33 on F.Cu
    @(108.7549 mm, 105.5444 mm): Via [<no net>] on F.Cu - B.Cu
[hole_clearance]: Hole clearance violation (board setup constraints hole clearance 0.2500 mm; actual 0.2272 mm)
    Rule: board setup constraints hole; error
    @(102.0000 mm, 102.0000 mm): NPTH pad of H2
    @(99.8000 mm, 100.2572 mm): Zone [GND] on F.Cu, priority 0
[hole_clearance]: Hole clearance violation (board setup constraints hole clearance 0.2500 mm; actual 0.2388 mm)
    Rule: board setup constraints hole; error
    @(108.1799 mm, 105.0944 mm): Pad 2 [Net-(R32-~-Pad2)] of R32 on F.Cu
    @(108.7549 mm, 105.5444 mm): Via [<no net>] on F.Cu - B.Cu
[hole_clearance]: Hole clearance violation (board setup constraints hole clearance 0.2500 mm; actual 0.2272 mm)
    Rule: board setup constraints hole; error
    @(118.0000 mm, 118.0000 mm): NPTH pad of H1
    @(99.8000 mm, 100.2572 mm): Zone [GND] on F.Cu, priority 0
[hole_clearance]: Hole clearance violation (board setup constraints hole clearance 0.2500 mm; actual 0.2272 mm)
    Rule: board setup constraints hole; error
    @(118.0000 mm, 102.0000 mm): NPTH pad of H3
    @(99.8000 mm, 100.2572 mm): Zone [GND] on F.Cu, priority 0
[hole_clearance]: Hole clearance violation (board setup constraints hole clearance 0.2500 mm; actual 0.2272 mm)
    Rule: board setup constraints hole; error
    @(102.0000 mm, 118.0000 mm): NPTH pad of H4
    @(99.8000 mm, 100.2572 mm): Zone [GND] on F.Cu, priority 0
[hole_clearance]: Hole clearance violation (board setup constraints hole clearance 0.2500 mm; actual 0.2272 mm)
    Rule: board setup constraints hole; error
    @(102.0000 mm, 102.0000 mm): NPTH pad of H2
    @(99.8000 mm, 100.2572 mm): Zone [GND] on B.Cu, priority 0
[hole_clearance]: Hole clearance violation (board setup constraints hole clearance 0.2500 mm; actual 0.2272 mm)
    Rule: board setup constraints hole; error
    @(118.0000 mm, 118.0000 mm): NPTH pad of H1
    @(99.8000 mm, 100.2572 mm): Zone [GND] on B.Cu, priority 0
[hole_clearance]: Hole clearance violation (board setup constraints hole clearance 0.2500 mm; actual 0.2272 mm)
    Rule: board setup constraints hole; error
    @(118.0000 mm, 102.0000 mm): NPTH pad of H3
    @(99.8000 mm, 100.2572 mm): Zone [GND] on B.Cu, priority 0
[hole_clearance]: Hole clearance violation (board setup constraints hole clearance 0.2500 mm; actual 0.2272 mm)
    Rule: board setup constraints hole; error
    @(102.0000 mm, 118.0000 mm): NPTH pad of H4
    @(99.8000 mm, 100.2572 mm): Zone [GND] on B.Cu, priority 0
[hole_clearance]: Hole clearance violation (board setup constraints hole clearance 0.2500 mm; actual 0.2272 mm)
    Rule: board setup constraints hole; error
    @(102.0000 mm, 102.0000 mm): NPTH pad of H2
    @(100.1649 mm, 100.0144 mm): Zone [GND] on In1.Cu, priority 0
[hole_clearance]: Hole clearance violation (board setup constraints hole clearance 0.2500 mm; actual 0.2272 mm)
    Rule: board setup constraints hole; error
    @(118.0000 mm, 118.0000 mm): NPTH pad of H1
    @(100.1649 mm, 100.0144 mm): Zone [GND] on In1.Cu, priority 0
[hole_clearance]: Hole clearance violation (board setup constraints hole clearance 0.2500 mm; actual 0.2272 mm)
    Rule: board setup constraints hole; error
    @(118.0000 mm, 102.0000 mm): NPTH pad of H3
    @(100.1649 mm, 100.0144 mm): Zone [GND] on In1.Cu, priority 0
[hole_clearance]: Hole clearance violation (board setup constraints hole clearance 0.2500 mm; actual 0.2272 mm)
    Rule: board setup constraints hole; error
    @(102.0000 mm, 102.0000 mm): NPTH pad of H2
    @(100.1649 mm, 100.2684 mm): Zone [VCC] on In2.Cu, priority 0
[hole_clearance]: Hole clearance violation (board setup constraints hole clearance 0.2500 mm; actual 0.2272 mm)
    Rule: board setup constraints hole; error
    @(102.0000 mm, 118.0000 mm): NPTH pad of H4
    @(100.1649 mm, 100.0144 mm): Zone [GND] on In1.Cu, priority 0
[hole_clearance]: Hole clearance violation (board setup constraints hole clearance 0.2500 mm; actual 0.2272 mm)
    Rule: board setup constraints hole; error
    @(118.0000 mm, 118.0000 mm): NPTH pad of H1
    @(100.1649 mm, 100.2684 mm): Zone [VCC] on In2.Cu, priority 0
[hole_clearance]: Hole clearance violation (board setup constraints hole clearance 0.2500 mm; actual 0.2272 mm)
    Rule: board setup constraints hole; error
    @(118.0000 mm, 102.0000 mm): NPTH pad of H3
    @(100.1649 mm, 100.2684 mm): Zone [VCC] on In2.Cu, priority 0
[hole_clearance]: Hole clearance violation (board setup constraints hole clearance 0.2500 mm; actual 0.2272 mm)
    Rule: board setup constraints hole; error
    @(102.0000 mm, 118.0000 mm): NPTH pad of H4
    @(100.1649 mm, 100.2684 mm): Zone [VCC] on In2.Cu, priority 0
[hole_clearance]: Hole clearance violation (board setup constraints hole clearance 0.2500 mm; actual 0.1042 mm)
    Rule: board setup constraints hole; error
    @(109.3049 mm, 114.0944 mm): Pad 1 [Net-(R72-~-Pad2)] of R73 on B.Cu
    @(108.7549 mm, 114.3944 mm): Via [<no net>] on F.Cu - B.Cu
[hole_clearance]: Hole clearance violation (board setup constraints hole clearance 0.2500 mm; actual 0.1349 mm)
    Rule: board setup constraints hole; error
    @(109.3049 mm, 112.4944 mm): Pad 2 [Net-(R76-~-Pad2)] of R76 on B.Cu
    @(109.1049 mm, 111.9944 mm): Via [<no net>] on F.Cu - B.Cu
[hole_clearance]: Hole clearance violation (board setup constraints hole clearance 0.2500 mm; actual 0.2349 mm)
    Rule: board setup constraints hole; error
    @(108.1549 mm, 114.6944 mm): Pad 2 [Net-(R72-~-Pad2)] of R72 on B.Cu
    @(108.7549 mm, 114.3944 mm): Via [<no net>] on F.Cu - B.Cu
[hole_clearance]: Hole clearance violation (board setup constraints hole clearance 0.2500 mm; actual 0.1042 mm)
    Rule: board setup constraints hole; error
    @(110.7299 mm, 105.8194 mm): Pad 1 [Net-(R12-~-Pad2)] of R13 on B.Cu
    @(111.2799 mm, 105.5194 mm): Via [<no net>] on F.Cu - B.Cu
[hole_clearance]: Hole clearance violation (board setup constraints hole clearance 0.2500 mm; actual 0.2099 mm)
    Rule: board setup constraints hole; error
    @(110.7549 mm, 107.3444 mm): Pad 2 [Net-(R16-~-Pad2)] of R16 on B.Cu
    @(110.9299 mm, 107.9194 mm): Via [<no net>] on F.Cu - B.Cu
[hole_clearance]: Hole clearance violation (board setup constraints hole clearance 0.2500 mm; actual 0.2349 mm)
    Rule: board setup constraints hole; error
    @(111.8799 mm, 105.2194 mm): Pad 2 [Net-(R12-~-Pad2)] of R12 on B.Cu
    @(111.2799 mm, 105.5194 mm): Via [<no net>] on F.Cu - B.Cu
[clearance]: Clearance violation (zone clearance 0.2032 mm; actual 0.2003 mm)
    Local override; error
    @(108.9049 mm, 110.8444 mm): Pad 1 [/single esc 4/RC_IN_0] of TP6 on F.Cu
    @(99.8000 mm, 100.2572 mm): Zone [GND] on F.Cu, priority 0
[hole_clearance]: Hole clearance violation (board setup constraints hole clearance 0.2500 mm; actual 0.0531 mm)
    Rule: board setup constraints hole; error
    @(108.1049 mm, 112.7944 mm): Pad 2 [Net-(U5-P0.2)] of R78 on B.Cu
    @(108.5215 mm, 113.1208 mm): Via [<no net>] on F.Cu - B.Cu
[hole_clearance]: Hole clearance violation (board setup constraints hole clearance 0.2500 mm; actual 0.0531 mm)
    Rule: board setup constraints hole; error
    @(111.9299 mm, 107.1194 mm): Pad 2 [Net-(U2-P0.2)] of R18 on B.Cu
    @(111.5133 mm, 106.7930 mm): Via [<no net>] on F.Cu - B.Cu
[clearance]: Clearance violation (zone clearance 0.2032 mm; actual 0.2003 mm)
    Local override; error
    @(110.8049 mm, 109.1444 mm): Pad 1 [/RC_IN_0] of TP3 on F.Cu
    @(99.8000 mm, 100.2572 mm): Zone [GND] on F.Cu, priority 0
[clearance]: Clearance violation (zone clearance 0.2032 mm; actual 0.1979 mm)
    Local override; error
    @(120.6000 mm, 115.0000 mm): Pad 1 [/single esc 3/PHASE_C_0] of OUT_C3 on F.Cu
    @(99.8000 mm, 100.2572 mm): Zone [GND] on F.Cu, priority 0
[clearance]: Clearance violation (zone clearance 0.2032 mm; actual 0.1979 mm)
    Local override; error
    @(112.0000 mm, 120.6000 mm): Pad 1 [/single esc 3/PHASE_A_0] of OUT_A3 on F.Cu
    @(99.8000 mm, 100.2572 mm): Zone [GND] on F.Cu, priority 0
[clearance]: Clearance violation (zone clearance 0.2032 mm; actual 0.1998 mm)
    Local override; error
    @(101.0549 mm, 105.1444 mm): Pad 7 [/single esc 2/PHASE_C_0] of FET6 on B.Cu
    @(99.8000 mm, 100.2572 mm): Zone [GND] on B.Cu, priority 0
[clearance]: Clearance violation (zone clearance 0.2032 mm; actual 0.1998 mm)
    Local override; error
    @(111.5299 mm, 100.9194 mm): Pad 7 [/single esc 1/PHASE_A_0] of FET1 on F.Cu
    @(99.8000 mm, 100.2572 mm): Zone [GND] on F.Cu, priority 0
[clearance]: Clearance violation (zone clearance 0.2032 mm; actual 0.1960 mm)
    Local override; error
    @(119.0799 mm, 110.8364 mm): Pad 1 [VCC] of TP1 on F.Cu
    @(99.8000 mm, 100.2572 mm): Zone [GND] on F.Cu, priority 0
[hole_clearance]: Hole clearance violation (board setup constraints hole clearance 0.2500 mm; actual 0.1042 mm)
    Rule: board setup constraints hole; error
    @(110.7299 mm, 114.1194 mm): Pad 1 [Net-(R52-~-Pad2)] of R53 on F.Cu
    @(111.2799 mm, 114.4194 mm): Via [<no net>] on F.Cu - B.Cu
[hole_clearance]: Hole clearance violation (board setup constraints hole clearance 0.2500 mm; actual 0.2262 mm)
    Rule: board setup constraints hole; error
    @(111.8299 mm, 114.8944 mm): Pad 2 [Net-(R52-~-Pad2)] of R52 on F.Cu
    @(111.2799 mm, 114.4194 mm): Via [<no net>] on F.Cu - B.Cu
[clearance]: Clearance violation (zone clearance 0.2032 mm; actual 0.1979 mm)
    Local override; error
    @(120.6000 mm, 105.0000 mm): Pad 1 [/single esc 1/PHASE_C_0] of OUT_C1 on B.Cu
    @(99.8000 mm, 100.2572 mm): Zone [GND] on B.Cu, priority 0
[clearance]: Clearance violation (zone clearance 0.2032 mm; actual 0.1998 mm)
    Local override; error
    @(118.9799 mm, 114.8194 mm): Pad 7 [/single esc 3/PHASE_C_0] of FET9 on B.Cu
    @(99.8000 mm, 100.2572 mm): Zone [GND] on B.Cu, priority 0
[clearance]: Clearance violation (zone clearance 0.2032 mm; actual 0.1998 mm)
    Local override; error
    @(111.5299 mm, 119.0194 mm): Pad 7 [/single esc 3/PHASE_A_0] of FET7 on B.Cu
    @(99.8000 mm, 100.2572 mm): Zone [GND] on B.Cu, priority 0
[clearance]: Clearance violation (zone clearance 0.2032 mm; actual 0.1979 mm)
    Local override; error
    @(108.0000 mm, 120.6000 mm): Pad 1 [/single esc 4/PHASE_A_0] of OUT_A4 on B.Cu
    @(99.8000 mm, 100.2572 mm): Zone [GND] on B.Cu, priority 0
[clearance]: Clearance violation (zone clearance 0.2032 mm; actual 0.1979 mm)
    Local override; error
    @(105.0000 mm, 120.6000 mm): Pad 1 [/single esc 4/PHASE_B_0] of OUT_B4 on F.Cu
    @(99.8000 mm, 100.2572 mm): Zone [GND] on F.Cu, priority 0
[clearance]: Clearance violation (zone clearance 0.2032 mm; actual 0.2013 mm)
    Local override; error
    @(115.5254 mm, 119.1496 mm): Pad 6 [/single esc 3/PHASE_B_0] of FET8 on B.Cu
    @(99.8000 mm, 100.2572 mm): Zone [GND] on B.Cu, priority 0
[hole_clearance]: Hole clearance violation (board setup constraints hole clearance 0.2500 mm; actual 0.0765 mm)
    Rule: board setup constraints hole; error
    @(108.0799 mm, 106.8944 mm): Pad 2 [Net-(U3-P0.2)] of R38 on F.Cu
    @(108.5215 mm, 106.8180 mm): Via [<no net>] on F.Cu - B.Cu
[clearance]: Clearance violation (zone clearance 0.2032 mm; actual 0.1998 mm)
    Local override; error
    @(108.5049 mm, 100.9444 mm): Pad 7 [/single esc 2/PHASE_A_0] of FET4 on B.Cu
    @(99.8000 mm, 100.2572 mm): Zone [GND] on B.Cu, priority 0
[clearance]: Clearance violation (zone clearance 0.2032 mm; actual 0.2013 mm)
    Local override; error
    @(104.5094 mm, 100.8142 mm): Pad 6 [/single esc 2/PHASE_B_0] of FET5 on B.Cu
    @(99.8000 mm, 100.2572 mm): Zone [GND] on B.Cu, priority 0
[clearance]: Clearance violation (zone clearance 0.2032 mm; actual 0.1979 mm)
    Local override; error
    @(99.4000 mm, 115.0000 mm): Pad 1 [/single esc 4/PHASE_C_0] of OUT_C4 on B.Cu
    @(99.8000 mm, 100.2572 mm): Zone [GND] on B.Cu, priority 0
[clearance]: Clearance violation (zone clearance 0.2032 mm; actual 0.2013 mm)
    Local override; error
    @(104.5094 mm, 119.1246 mm): Pad 6 [/single esc 4/PHASE_B_0] of FET11 on F.Cu
    @(99.8000 mm, 100.2572 mm): Zone [GND] on F.Cu, priority 0
[clearance]: Clearance violation (zone clearance 0.2032 mm; actual 0.1998 mm)
    Local override; error
    @(114.6629 mm, 118.9996 mm): Pad 7 [/single esc 3/PHASE_B_0] of FET8 on B.Cu
    @(99.8000 mm, 100.2572 mm): Zone [GND] on B.Cu, priority 0
[clearance]: Clearance violation (zone clearance 0.2032 mm; actual 0.2013 mm)
    Local override; error
    @(115.5254 mm, 100.7892 mm): Pad 6 [/single esc 1/PHASE_B_0] of FET2 on F.Cu
    @(99.8000 mm, 100.2572 mm): Zone [GND] on F.Cu, priority 0
[clearance]: Clearance violation (zone clearance 0.2032 mm; actual 0.1979 mm)
    Local override; error
    @(105.0000 mm, 120.6000 mm): Pad 1 [/single esc 4/PHASE_B_0] of OUT_B4 on B.Cu
    @(99.8000 mm, 100.2572 mm): Zone [GND] on B.Cu, priority 0
[clearance]: Clearance violation (zone clearance 0.2032 mm; actual 0.1998 mm)
    Local override; error
    @(105.3719 mm, 100.9642 mm): Pad 7 [/single esc 2/PHASE_B_0] of FET5 on B.Cu
    @(99.8000 mm, 100.2572 mm): Zone [GND] on B.Cu, priority 0
[clearance]: Clearance violation (zone clearance 0.2032 mm; actual 0.1979 mm)
    Local override; error
    @(99.4000 mm, 105.0000 mm): Pad 1 [/single esc 2/PHASE_C_0] of OUT_C2 on F.Cu
    @(99.8000 mm, 100.2572 mm): Zone [GND] on F.Cu, priority 0
[clearance]: Clearance violation (zone clearance 0.2032 mm; actual 0.1979 mm)
    Local override; error
    @(115.0000 mm, 120.6000 mm): Pad 1 [/single esc 3/PHASE_B_0] of OUT_B3 on F.Cu
    @(99.8000 mm, 100.2572 mm): Zone [GND] on F.Cu, priority 0
[clearance]: Clearance violation (zone clearance 0.2032 mm; actual 0.1998 mm)
    Local override; error
    @(118.9799 mm, 105.1194 mm): Pad 7 [/single esc 1/PHASE_C_0] of FET3 on F.Cu
    @(99.8000 mm, 100.2572 mm): Zone [GND] on F.Cu, priority 0
[clearance]: Clearance violation (zone clearance 0.2032 mm; actual 0.2013 mm)
    Local override; error
    @(100.9049 mm, 113.9319 mm): Pad 6 [/single esc 4/PHASE_C_0] of FET12 on F.Cu
    @(99.8000 mm, 100.2572 mm): Zone [GND] on F.Cu, priority 0
[clearance]: Clearance violation (zone clearance 0.2032 mm; actual 0.1998 mm)
    Local override; error
    @(108.5049 mm, 118.9944 mm): Pad 7 [/single esc 4/PHASE_A_0] of FET10 on F.Cu
    @(99.8000 mm, 100.2572 mm): Zone [GND] on F.Cu, priority 0
[clearance]: Clearance violation (zone clearance 0.2032 mm; actual 0.1998 mm)
    Local override; error
    @(105.3719 mm, 118.9746 mm): Pad 7 [/single esc 4/PHASE_B_0] of FET11 on F.Cu
    @(99.8000 mm, 100.2572 mm): Zone [GND] on F.Cu, priority 0
[clearance]: Clearance violation (zone clearance 0.2032 mm; actual 0.1998 mm)
    Local override; error
    @(114.6629 mm, 100.9392 mm): Pad 7 [/single esc 1/PHASE_B_0] of FET2 on F.Cu
    @(99.8000 mm, 100.2572 mm): Zone [GND] on F.Cu, priority 0
[clearance]: Clearance violation (zone clearance 0.2032 mm; actual 0.1979 mm)
    Local override; error
    @(115.0000 mm, 120.6000 mm): Pad 1 [/single esc 3/PHASE_B_0] of OUT_B3 on B.Cu
    @(99.8000 mm, 100.2572 mm): Zone [GND] on B.Cu, priority 0
[clearance]: Clearance violation (zone clearance 0.2032 mm; actual 0.1998 mm)
    Local override; error
    @(101.0549 mm, 114.7944 mm): Pad 7 [/single esc 4/PHASE_C_0] of FET12 on F.Cu
    @(99.8000 mm, 100.2572 mm): Zone [GND] on F.Cu, priority 0
[silk_overlap]: Silkscreen clearance
    Rule: board setup constraints silk; warning
    @(106.0049 mm, 106.4694 mm): Segment of R39 on F.Silkscreen
    @(106.4049 mm, 106.3694 mm): Segment of R40 on F.Silkscreen
[silk_overlap]: Silkscreen clearance
    Rule: board setup constraints silk; warning
    @(104.6088 mm, 104.7812 mm): Segment of R24 on F.Silkscreen
    @(104.8049 mm, 104.7194 mm): Segment of R35 on F.Silkscreen
[silk_overlap]: Silkscreen clearance
    Rule: board setup constraints silk; warning
    @(105.9938 mm, 103.7069 mm): Segment of R26 on F.Silkscreen
    @(105.1088 mm, 103.7312 mm): Segment of R24 on F.Silkscreen
[silk_overlap]: Silkscreen clearance
    Rule: board setup constraints silk; warning
    @(104.9361 mm, 105.6580 mm): Segment of R37 on F.Silkscreen
    @(104.3049 mm, 105.7694 mm): Segment of R35 on F.Silkscreen
[silk_overlap]: Silkscreen clearance
    Rule: board setup constraints silk; warning
    @(114.0049 mm, 113.4694 mm): Segment of R59 on F.Silkscreen
    @(113.6299 mm, 113.5694 mm): Segment of R60 on F.Silkscreen
[silk_overlap]: Silkscreen clearance
    Rule: board setup constraints silk; warning
    @(114.0515 mm, 116.2812 mm): Segment of R46 on F.Silkscreen
    @(113.5445 mm, 116.2468 mm): Segment of R49 on F.Silkscreen
[silk_overlap]: Silkscreen clearance
    Rule: board setup constraints silk; warning
    @(114.0515 mm, 116.2812 mm): Segment of R46 on F.Silkscreen
    @(115.0635 mm, 116.2823 mm): Segment of R44 on F.Silkscreen
[silk_overlap]: Silkscreen clearance
    Rule: board setup constraints silk; warning
    @(115.2299 mm, 115.2444 mm): Segment of R55 on F.Silkscreen
    @(115.5635 mm, 115.2323 mm): Segment of R44 on F.Silkscreen
[silk_overlap]: Silkscreen clearance
    Rule: board setup constraints silk; warning
    @(115.7299 mm, 114.1944 mm): Segment of R55 on F.Silkscreen
    @(115.0987 mm, 114.3058 mm): Segment of R57 on F.Silkscreen
[silk_overlap]: Silkscreen clearance
    Rule: board setup constraints silk; warning
    @(109.8299 mm, 105.6444 mm): Segment of R33 on F.Silkscreen
    @(109.9049 mm, 105.3944 mm): Segment of R2 on F.Silkscreen
[silk_over_copper]: Silkscreen clipped by solder mask
    Local override; warning
    @(109.4049 mm, 114.6944 mm): PCB text 'openBLS_ESC' on F.Silkscreen
    @(109.5299 mm, 114.7694 mm): Pad 2 [Net-(U5-P0.5)] of R62 on F.Cu
[silk_over_copper]: Silkscreen clipped by solder mask
    Local override; warning
    @(108.5049 mm, 118.4944 mm): Reference field of FET10
    @(109.3674 mm, 118.4944 mm): Pad 2 [/single esc 4/Ap_0] of FET10 on F.Cu
[silk_over_copper]: Silkscreen clipped by solder mask
    Local override; warning
    @(108.5049 mm, 118.4944 mm): Reference field of FET10
    @(108.5049 mm, 118.9944 mm): Pad 7 [/single esc 4/PHASE_A_0] of FET10 on F.Cu
[silk_over_copper]: Silkscreen clipped by solder mask
    Local override; warning
    @(108.5049 mm, 118.4944 mm): Reference field of FET10
    @(108.5049 mm, 117.9944 mm): Pad 8 [/single esc 4/PHASE_A_0] of FET10 on F.Cu
[silk_over_copper]: Silkscreen clipped by solder mask
    Local override; warning
    @(107.4049 mm, 117.5944 mm): Segment of FET10 on F.Silkscreen
    @(107.6424 mm, 117.8444 mm): Pad 4 [VCC] of FET10 on F.Cu
[silk_over_copper]: Silkscreen clipped by solder mask
    Local override; warning
    @(107.4049 mm, 117.5944 mm): Segment of FET10 on F.Silkscreen
    @(109.3674 mm, 117.8444 mm): Pad 3 [/single esc 4/PHASE_A_0] of FET10 on F.Cu
[silk_over_copper]: Silkscreen clipped by solder mask
    Local override; warning
    @(107.4049 mm, 117.5944 mm): Segment of FET10 on F.Silkscreen
    @(108.5049 mm, 117.9944 mm): Pad 8 [/single esc 4/PHASE_A_0] of FET10 on F.Cu
[silk_over_copper]: Silkscreen clipped by solder mask
    Local override; warning
    @(107.4049 mm, 119.3944 mm): Segment of FET10 on F.Silkscreen
    @(107.6424 mm, 117.8444 mm): Pad 4 [VCC] of FET10 on F.Cu
[silk_over_copper]: Silkscreen clipped by solder mask
    Local override; warning
    @(107.4049 mm, 119.3944 mm): Segment of FET10 on F.Silkscreen
    @(107.6424 mm, 118.4944 mm): Pad 5 [Net-(FET10-P_G)] of FET10 on F.Cu
[silk_over_copper]: Silkscreen clipped by solder mask
    Local override; warning
    @(107.4049 mm, 119.3944 mm): Segment of FET10 on F.Silkscreen
    @(107.6424 mm, 119.1444 mm): Pad 6 [/single esc 4/PHASE_A_0] of FET10 on F.Cu
[silk_over_copper]: Silkscreen clipped by solder mask
    Local override; warning
    @(109.6049 mm, 117.5944 mm): Segment of FET10 on F.Silkscreen
    @(109.3674 mm, 118.4944 mm): Pad 2 [/single esc 4/Ap_0] of FET10 on F.Cu
[silk_over_copper]: Silkscreen clipped by solder mask
    Local override; warning
    @(109.6049 mm, 117.5944 mm): Segment of FET10 on F.Silkscreen
    @(109.3674 mm, 117.8444 mm): Pad 3 [/single esc 4/PHASE_A_0] of FET10 on F.Cu
[silk_over_copper]: Silkscreen clipped by solder mask
    Local override; warning
    @(109.6049 mm, 117.5944 mm): Segment of FET10 on F.Silkscreen
    @(109.3674 mm, 119.1444 mm): Pad 1 [GND] of FET10 on F.Cu
[silk_over_copper]: Silkscreen clipped by solder mask
    Local override; warning
    @(109.6049 mm, 119.3944 mm): Segment of FET10 on F.Silkscreen
    @(107.6424 mm, 119.1444 mm): Pad 6 [/single esc 4/PHASE_A_0] of FET10 on F.Cu
[silk_over_copper]: Silkscreen clipped by solder mask
    Local override; warning
    @(109.6049 mm, 119.3944 mm): Segment of FET10 on F.Silkscreen
    @(109.3674 mm, 119.1444 mm): Pad 1 [GND] of FET10 on F.Cu
[silk_over_copper]: Silkscreen clipped by solder mask
    Local override; warning
    @(109.6049 mm, 119.3944 mm): Segment of FET10 on F.Silkscreen
    @(108.5049 mm, 118.9944 mm): Pad 7 [/single esc 4/PHASE_A_0] of FET10 on F.Cu
[silk_over_copper]: Silkscreen clipped by solder mask
    Local override; warning
    @(108.5049 mm, 118.4944 mm): Reference field of FET10
    @(107.6424 mm, 118.4944 mm): Pad 5 [Net-(FET10-P_G)] of FET10 on F.Cu
[silk_over_copper]: Silkscreen clipped by solder mask
    Local override; warning
    @(105.3719 mm, 118.4746 mm): Reference field of FET11
    @(104.5094 mm, 118.4746 mm): Pad 5 [Net-(FET11-P_G)] of FET11 on F.Cu
[silk_over_copper]: Silkscreen clipped by solder mask
    Local override; warning
    @(104.2719 mm, 117.5746 mm): Segment of FET11 on F.Silkscreen
    @(106.2344 mm, 117.8246 mm): Pad 3 [/single esc 4/PHASE_B_0] of FET11 on F.Cu
[silk_over_copper]: Silkscreen clipped by solder mask
    Local override; warning
    @(104.2719 mm, 117.5746 mm): Segment of FET11 on F.Silkscreen
    @(105.3719 mm, 117.9746 mm): Pad 8 [/single esc 4/PHASE_B_0] of FET11 on F.Cu
[silk_over_copper]: Silkscreen clipped by solder mask
    Local override; warning
    @(104.2719 mm, 117.5746 mm): Segment of FET11 on F.Silkscreen
    @(104.5094 mm, 117.8246 mm): Pad 4 [VCC] of FET11 on F.Cu
[silk_over_copper]: Silkscreen clipped by solder mask
    Local override; warning
    @(104.2719 mm, 119.3746 mm): Segment of FET11 on F.Silkscreen
    @(104.5094 mm, 119.1246 mm): Pad 6 [/single esc 4/PHASE_B_0] of FET11 on F.Cu
[silk_over_copper]: Silkscreen clipped by solder mask
    Local override; warning
    @(104.2719 mm, 119.3746 mm): Segment of FET11 on F.Silkscreen
    @(104.5094 mm, 117.8246 mm): Pad 4 [VCC] of FET11 on F.Cu
[silk_over_copper]: Silkscreen clipped by solder mask
    Local override; warning
    @(104.2719 mm, 119.3746 mm): Segment of FET11 on F.Silkscreen
    @(104.5094 mm, 118.4746 mm): Pad 5 [Net-(FET11-P_G)] of FET11 on F.Cu
[silk_over_copper]: Silkscreen clipped by solder mask
    Local override; warning
    @(106.4719 mm, 119.3746 mm): Segment of FET11 on F.Silkscreen
    @(106.2344 mm, 119.1246 mm): Pad 1 [GND] of FET11 on F.Cu
[silk_over_copper]: Silkscreen clipped by solder mask
    Local override; warning
    @(106.4719 mm, 119.3746 mm): Segment of FET11 on F.Silkscreen
    @(104.5094 mm, 119.1246 mm): Pad 6 [/single esc 4/PHASE_B_0] of FET11 on F.Cu
[silk_over_copper]: Silkscreen clipped by solder mask
    Local override; warning
    @(106.4719 mm, 119.3746 mm): Segment of FET11 on F.Silkscreen
    @(105.3719 mm, 118.9746 mm): Pad 7 [/single esc 4/PHASE_B_0] of FET11 on F.Cu
[silk_over_copper]: Silkscreen clipped by solder mask
    Local override; warning
    @(105.3719 mm, 118.4746 mm): Reference field of FET11
    @(105.3719 mm, 117.9746 mm): Pad 8 [/single esc 4/PHASE_B_0] of FET11 on F.Cu
[silk_over_copper]: Silkscreen clipped by solder mask
    Local override; warning
    @(105.3719 mm, 118.4746 mm): Reference field of FET11
    @(105.3719 mm, 118.9746 mm): Pad 7 [/single esc 4/PHASE_B_0] of FET11 on F.Cu
[silk_over_copper]: Silkscreen clipped by solder mask
    Local override; warning
    @(105.3719 mm, 118.4746 mm): Reference field of FET11
    @(106.2344 mm, 118.4746 mm): Pad 2 [/single esc 4/Bp_0] of FET11 on F.Cu
[silk_over_copper]: Silkscreen clipped by solder mask
    Local override; warning
    @(106.4719 mm, 117.5746 mm): Segment of FET11 on F.Silkscreen
    @(106.2344 mm, 118.4746 mm): Pad 2 [/single esc 4/Bp_0] of FET11 on F.Cu
[silk_over_copper]: Silkscreen clipped by solder mask
    Local override; warning
    @(106.4719 mm, 117.5746 mm): Segment of FET11 on F.Silkscreen
    @(106.2344 mm, 117.8246 mm): Pad 3 [/single esc 4/PHASE_B_0] of FET11 on F.Cu
[silk_over_copper]: Silkscreen clipped by solder mask
    Local override; warning
    @(106.4719 mm, 117.5746 mm): Segment of FET11 on F.Silkscreen
    @(106.2344 mm, 119.1246 mm): Pad 1 [GND] of FET11 on F.Cu
[silk_over_copper]: Silkscreen clipped by solder mask
    Local override; warning
    @(110.5299 mm, 109.9444 mm): PCB text 'openBLS_ESC' on F.Silkscreen
    @(106.8049 mm, 110.2444 mm): Pad 2 [GND] of C4 on F.Cu
[silk_over_copper]: Silkscreen clipped by solder mask
    Local override; warning
    @(104.8599 mm, 111.0845 mm): Segment of R61 on F.Silkscreen
    @(105.0549 mm, 110.8944 mm): Pad 1 [Net-(U1-BP)] of C3 on F.Cu
[silk_over_copper]: Silkscreen clipped by solder mask
    Local override; warning
    @(104.8599 mm, 111.0845 mm): Segment of R61 on F.Silkscreen
    @(103.9573 mm, 110.7815 mm): Pad 4 [Net-(U1-BP)] of U1 on F.Cu
[silk_over_copper]: Silkscreen clipped by solder mask
    Local override; warning
    @(104.5299 mm, 110.1944 mm): Segment of C3 on F.Silkscreen
    @(103.9573 mm, 110.7815 mm): Pad 4 [Net-(U1-BP)] of U1 on F.Cu
[silk_over_copper]: Silkscreen clipped by solder mask
    Local override; warning
    @(101.9573 mm, 108.2315 mm): Segment of U1 on F.Silkscreen
    @(101.7573 mm, 108.8815 mm): Pad 1 [VCC] of U1 on F.Cu
[silk_over_copper]: Silkscreen clipped by solder mask
    Local override; warning
    @(101.9573 mm, 108.2315 mm): Segment of U1 on F.Silkscreen
    @(101.7573 mm, 109.8315 mm): Pad 2 [GND] of U1 on F.Cu
[silk_over_copper]: Silkscreen clipped by solder mask
    Local override; warning
    @(101.9573 mm, 108.2315 mm): Segment of U1 on F.Silkscreen
    @(101.7573 mm, 110.7815 mm): Pad 3 [VCC] of U1 on F.Cu
[silk_over_copper]: Silkscreen clipped by solder mask
    Local override; warning
    @(103.7573 mm, 111.4315 mm): Segment of U1 on F.Silkscreen
    @(103.9573 mm, 108.8815 mm): Pad 5 [/single esc 1/3V3] of U1 on F.Cu
[silk_over_copper]: Silkscreen clipped by solder mask
    Local override; warning
    @(103.7573 mm, 111.4315 mm): Segment of U1 on F.Silkscreen
    @(103.9573 mm, 110.7815 mm): Pad 4 [Net-(U1-BP)] of U1 on F.Cu
[silk_over_copper]: Silkscreen clipped by solder mask
    Local override; warning
    @(118.4799 mm, 105.1194 mm): Reference field of FET3
    @(117.9799 mm, 105.1194 mm): Pad 8 [/single esc 1/PHASE_C_0] of FET3 on F.Cu
[silk_over_copper]: Silkscreen clipped by solder mask
    Local override; warning
    @(118.4799 mm, 105.1194 mm): Reference field of FET3
    @(118.9799 mm, 105.1194 mm): Pad 7 [/single esc 1/PHASE_C_0] of FET3 on F.Cu
[silk_over_copper]: Silkscreen clipped by solder mask
    Local override; warning
    @(118.4799 mm, 105.1194 mm): Reference field of FET3
    @(118.4799 mm, 104.2569 mm): Pad 2 [Net-(FET3-N_G)] of FET3 on F.Cu
[silk_over_copper]: Silkscreen clipped by solder mask
    Local override; warning
    @(117.5799 mm, 104.0194 mm): Segment of FET3 on F.Silkscreen
    @(117.8299 mm, 104.2569 mm): Pad 3 [/single esc 1/PHASE_C_0] of FET3 on F.Cu
[silk_over_copper]: Silkscreen clipped by solder mask
    Local override; warning
    @(117.5799 mm, 104.0194 mm): Segment of FET3 on F.Silkscreen
    @(119.1299 mm, 104.2569 mm): Pad 1 [GND] of FET3 on F.Cu
[silk_over_copper]: Silkscreen clipped by solder mask
    Local override; warning
    @(117.5799 mm, 104.0194 mm): Segment of FET3 on F.Silkscreen
    @(118.4799 mm, 104.2569 mm): Pad 2 [Net-(FET3-N_G)] of FET3 on F.Cu
[silk_over_copper]: Silkscreen clipped by solder mask
    Local override; warning
    @(117.5799 mm, 106.2194 mm): Segment of FET3 on F.Silkscreen
    @(117.8299 mm, 104.2569 mm): Pad 3 [/single esc 1/PHASE_C_0] of FET3 on F.Cu
[silk_over_copper]: Silkscreen clipped by solder mask
    Local override; warning
    @(117.5799 mm, 106.2194 mm): Segment of FET3 on F.Silkscreen
    @(117.9799 mm, 105.1194 mm): Pad 8 [/single esc 1/PHASE_C_0] of FET3 on F.Cu
[silk_over_copper]: Silkscreen clipped by solder mask
    Local override; warning
    @(117.5799 mm, 106.2194 mm): Segment of FET3 on F.Silkscreen
    @(117.8299 mm, 105.9819 mm): Pad 4 [VCC] of FET3 on F.Cu
[silk_over_copper]: Silkscreen clipped by solder mask
    Local override; warning
    @(119.3799 mm, 104.0194 mm): Segment of FET3 on F.Silkscreen
    @(119.1299 mm, 104.2569 mm): Pad 1 [GND] of FET3 on F.Cu
[silk_over_copper]: Silkscreen clipped by solder mask
    Local override; warning
    @(119.3799 mm, 104.0194 mm): Segment of FET3 on F.Silkscreen
    @(119.1299 mm, 105.9819 mm): Pad 6 [/single esc 1/PHASE_C_0] of FET3 on F.Cu
[silk_over_copper]: Silkscreen clipped by solder mask
    Local override; warning
    @(119.3799 mm, 104.0194 mm): Segment of FET3 on F.Silkscreen
    @(118.9799 mm, 105.1194 mm): Pad 7 [/single esc 1/PHASE_C_0] of FET3 on F.Cu
[silk_over_copper]: Silkscreen clipped by solder mask
    Local override; warning
    @(119.3799 mm, 106.2194 mm): Segment of FET3 on F.Silkscreen
    @(117.8299 mm, 105.9819 mm): Pad 4 [VCC] of FET3 on F.Cu
[silk_over_copper]: Silkscreen clipped by solder mask
    Local override; warning
    @(119.3799 mm, 106.2194 mm): Segment of FET3 on F.Silkscreen
    @(118.4799 mm, 105.9819 mm): Pad 5 [Net-(FET3-P_G)] of FET3 on F.Cu
[silk_over_copper]: Silkscreen clipped by solder mask
    Local override; warning
    @(119.3799 mm, 106.2194 mm): Segment of FET3 on F.Silkscreen
    @(119.1299 mm, 105.9819 mm): Pad 6 [/single esc 1/PHASE_C_0] of FET3 on F.Cu
[silk_over_copper]: Silkscreen clipped by solder mask
    Local override; warning
    @(106.5049 mm, 105.4194 mm): Segment of R39 on F.Silkscreen
    @(106.7049 mm, 105.0944 mm): Pad 1 [Net-(U3-P0.3)] of R34 on F.Cu
[silk_over_copper]: Silkscreen clipped by solder mask
    Local override; warning
    @(106.5049 mm, 105.4194 mm): Segment of R39 on F.Silkscreen
    @(105.8049 mm, 105.0944 mm): Pad 2 [Net-(R34-~-Pad2)] of R34 on F.Cu
[silk_over_copper]: Silkscreen clipped by solder mask
    Local override; warning
    @(106.1938 mm, 104.8015 mm): Segment of R29 on F.Silkscreen
    @(106.7049 mm, 105.0944 mm): Pad 1 [Net-(U3-P0.3)] of R34 on F.Cu
[silk_over_copper]: Silkscreen clipped by solder mask
    Local override; warning
    @(106.5049 mm, 104.5694 mm): Segment of R34 on F.Silkscreen
    @(105.9938 mm, 104.2765 mm): Pad 2 [Net-(T5-B)] of R29 on F.Cu
[silk_over_copper]: Silkscreen clipped by solder mask
    Local override; warning
    @(106.0049 mm, 105.6194 mm): Segment of R34 on F.Silkscreen
    @(106.7049 mm, 105.9444 mm): Pad 1 [GND] of R39 on F.Cu
[silk_over_copper]: Silkscreen clipped by solder mask
    Local override; warning
    @(106.0049 mm, 105.6194 mm): Segment of R34 on F.Silkscreen
    @(105.8049 mm, 105.9444 mm): Pad 2 [Net-(U3-P0.0)] of R39 on F.Cu
[silk_over_copper]: Silkscreen clipped by solder mask
    Local override; warning
    @(114.0445 mm, 115.1968 mm): Segment of R49 on F.Silkscreen
    @(114.2049 mm, 114.8944 mm): Pad 2 [Net-(R54-~-Pad2)] of R54 on F.Cu
[silk_over_copper]: Silkscreen clipped by solder mask
    Local override; warning
    @(114.0445 mm, 115.1968 mm): Segment of R49 on F.Silkscreen
    @(113.3049 mm, 114.8944 mm): Pad 1 [Net-(U4-P0.3)] of R54 on F.Cu
[silk_over_copper]: Silkscreen clipped by solder mask
    Local override; warning
    @(113.5049 mm, 115.4194 mm): Segment of R54 on F.Silkscreen
    @(114.2445 mm, 115.7218 mm): Pad 2 [Net-(T8-B)] of R49 on F.Cu
[silk_over_copper]: Silkscreen clipped by solder mask
    Local override; warning
    @(113.5049 mm, 115.4194 mm): Segment of R54 on F.Silkscreen
    @(113.3445 mm, 115.7218 mm): Pad 1 [GND] of R49 on F.Cu
[silk_over_copper]: Silkscreen clipped by solder mask
    Local override; warning
    @(110.5299 mm, 109.9444 mm): PCB text 'openBLS_ESC' on F.Silkscreen
    @(110.8049 mm, 109.1444 mm): Pad 1 [/RC_IN_0] of TP3 on F.Cu
[silk_over_copper]: Silkscreen clipped by solder mask
    Local override; warning
    @(112.6930 mm, 104.2135 mm): Segment of U2 on F.Silkscreen
    @(112.7430 mm, 107.1635 mm): Pad 1 [Net-(U2-P0.1)] of U2 on F.Cu
[silk_over_copper]: Silkscreen clipped by solder mask
    Local override; warning
    @(112.6930 mm, 104.2135 mm): Segment of U2 on F.Silkscreen
    @(112.7430 mm, 106.4635 mm): Pad 20 [Net-(U2-P0.2)] of U2 on F.Cu
[silk_over_copper]: Silkscreen clipped by solder mask
    Local override; warning
    @(112.6930 mm, 104.2135 mm): Segment of U2 on F.Silkscreen
    @(112.7430 mm, 104.9635 mm): Pad 17 [Net-(U2-P0.5)] of U2 on F.Cu
[silk_over_copper]: Silkscreen clipped by solder mask
    Local override; warning
    @(112.6930 mm, 104.2135 mm): Segment of U2 on F.Silkscreen
    @(112.7430 mm, 105.9635 mm): Pad 19 [Net-(U2-P0.3)] of U2 on F.Cu
[silk_over_copper]: Silkscreen clipped by solder mask
    Local override; warning
    @(112.6930 mm, 104.2135 mm): Segment of U2 on F.Silkscreen
    @(112.7430 mm, 104.2635 mm): Pad 16 [unconnected-(U2-P0.6-Pad16)] of U2 on F.Cu
[silk_over_copper]: Silkscreen clipped by solder mask
    Local override; warning
    @(112.6930 mm, 104.2135 mm): Segment of U2 on F.Silkscreen
    @(112.7430 mm, 105.4635 mm): Pad 18 [Net-(BL_TX1-~)] of U2 on F.Cu
[silk_over_copper]: Silkscreen clipped by solder mask
    Local override; warning
    @(112.6930 mm, 107.2135 mm): Segment of U2 on F.Silkscreen
    @(112.7430 mm, 107.1635 mm): Pad 1 [Net-(U2-P0.1)] of U2 on F.Cu
[silk_over_copper]: Silkscreen clipped by solder mask
    Local override; warning
    @(112.6930 mm, 107.2135 mm): Segment of U2 on F.Silkscreen
    @(113.4430 mm, 107.1635 mm): Pad 2 [Net-(U2-P0.0)] of U2 on F.Cu
[silk_over_copper]: Silkscreen clipped by solder mask
    Local override; warning
    @(112.6930 mm, 107.2135 mm): Segment of U2 on F.Silkscreen
    @(113.9430 mm, 107.1635 mm): Pad 3 [GND] of U2 on F.Cu
[silk_over_copper]: Silkscreen clipped by solder mask
    Local override; warning
    @(112.6930 mm, 107.2135 mm): Segment of U2 on F.Silkscreen
    @(114.4430 mm, 107.1635 mm): Pad 4 [/single esc 1/3V3] of U2 on F.Cu
[silk_over_copper]: Silkscreen clipped by solder mask
    Local override; warning
    @(112.6930 mm, 107.2135 mm): Segment of U2 on F.Silkscreen
    @(114.9430 mm, 107.1635 mm): Pad 5 [/single esc 1/C2CK_0] of U2 on F.Cu
[silk_over_copper]: Silkscreen clipped by solder mask
    Local override; warning
    @(112.6930 mm, 107.2135 mm): Segment of U2 on F.Silkscreen
    @(115.6430 mm, 107.1635 mm): Pad 6 [/single esc 1/C2D_0] of U2 on F.Cu
[silk_over_copper]: Silkscreen clipped by solder mask
    Local override; warning
    @(115.6930 mm, 107.2135 mm): Segment of U2 on F.Silkscreen
    @(115.6430 mm, 107.1635 mm): Pad 6 [/single esc 1/C2D_0] of U2 on F.Cu
[silk_over_copper]: Silkscreen clipped by solder mask
    Local override; warning
    @(115.6930 mm, 107.2135 mm): Segment of U2 on F.Silkscreen
    @(115.6430 mm, 106.4635 mm): Pad 7 [unconnected-(U2-P1.6-Pad7)] of U2 on F.Cu
[silk_over_copper]: Silkscreen clipped by solder mask
    Local override; warning
    @(115.6930 mm, 107.2135 mm): Segment of U2 on F.Silkscreen
    @(115.6430 mm, 105.9635 mm): Pad 8 [Net-(U2-P1.5)] of U2 on F.Cu
[silk_over_copper]: Silkscreen clipped by solder mask
    Local override; warning
    @(115.6930 mm, 107.2135 mm): Segment of U2 on F.Silkscreen
    @(115.6430 mm, 105.4635 mm): Pad 9 [Net-(FET3-N_G)] of U2 on F.Cu
[silk_over_copper]: Silkscreen clipped by solder mask
    Local override; warning
    @(115.6930 mm, 107.2135 mm): Segment of U2 on F.Silkscreen
    @(115.6430 mm, 104.9635 mm): Pad 10 [/single esc 1/Bc_0] of U2 on F.Cu
[silk_over_copper]: Silkscreen clipped by solder mask
    Local override; warning
    @(115.6930 mm, 107.2135 mm): Segment of U2 on F.Silkscreen
    @(115.6430 mm, 104.2635 mm): Pad 11 [/single esc 1/Bp_0] of U2 on F.Cu
[silk_over_copper]: Silkscreen clipped by solder mask
    Local override; warning
    @(111.5299 mm, 101.4194 mm): Reference field of FET1
    @(111.5299 mm, 100.9194 mm): Pad 7 [/single esc 1/PHASE_A_0] of FET1 on F.Cu
[silk_over_copper]: Silkscreen clipped by solder mask
    Local override; warning
    @(111.5299 mm, 101.4194 mm): Reference field of FET1
    @(111.5299 mm, 101.9194 mm): Pad 8 [/single esc 1/PHASE_A_0] of FET1 on F.Cu
[silk_over_copper]: Silkscreen clipped by solder mask
    Local override; warning
    @(110.4299 mm, 100.5194 mm): Segment of FET1 on F.Silkscreen
    @(112.3924 mm, 100.7694 mm): Pad 6 [/single esc 1/PHASE_A_0] of FET1 on F.Cu
[silk_over_copper]: Silkscreen clipped by solder mask
    Local override; warning
    @(110.4299 mm, 100.5194 mm): Segment of FET1 on F.Silkscreen
    @(111.5299 mm, 100.9194 mm): Pad 7 [/single esc 1/PHASE_A_0] of FET1 on F.Cu
[silk_over_copper]: Silkscreen clipped by solder mask
    Local override; warning
    @(110.4299 mm, 100.5194 mm): Segment of FET1 on F.Silkscreen
    @(110.6674 mm, 100.7694 mm): Pad 1 [GND] of FET1 on F.Cu
[silk_over_copper]: Silkscreen clipped by solder mask
    Local override; warning
    @(110.4299 mm, 102.3194 mm): Segment of FET1 on F.Silkscreen
    @(110.6674 mm, 100.7694 mm): Pad 1 [GND] of FET1 on F.Cu
[silk_over_copper]: Silkscreen clipped by solder mask
    Local override; warning
    @(110.4299 mm, 102.3194 mm): Segment of FET1 on F.Silkscreen
    @(110.6674 mm, 101.4194 mm): Pad 2 [/single esc 1/Ap_0] of FET1 on F.Cu
[silk_over_copper]: Silkscreen clipped by solder mask
    Local override; warning
    @(110.4299 mm, 102.3194 mm): Segment of FET1 on F.Silkscreen
    @(110.6674 mm, 102.0694 mm): Pad 3 [/single esc 1/PHASE_A_0] of FET1 on F.Cu
[silk_over_copper]: Silkscreen clipped by solder mask
    Local override; warning
    @(112.6299 mm, 100.5194 mm): Segment of FET1 on F.Silkscreen
    @(112.3924 mm, 102.0694 mm): Pad 4 [VCC] of FET1 on F.Cu
[silk_over_copper]: Silkscreen clipped by solder mask
    Local override; warning
    @(112.6299 mm, 100.5194 mm): Segment of FET1 on F.Silkscreen
    @(112.3924 mm, 101.4194 mm): Pad 5 [Net-(FET1-P_G)] of FET1 on F.Cu
[silk_over_copper]: Silkscreen clipped by solder mask
    Local override; warning
    @(112.6299 mm, 100.5194 mm): Segment of FET1 on F.Silkscreen
    @(112.3924 mm, 100.7694 mm): Pad 6 [/single esc 1/PHASE_A_0] of FET1 on F.Cu
[silk_over_copper]: Silkscreen clipped by solder mask
    Local override; warning
    @(112.6299 mm, 102.3194 mm): Segment of FET1 on F.Silkscreen
    @(112.3924 mm, 102.0694 mm): Pad 4 [VCC] of FET1 on F.Cu
[silk_over_copper]: Silkscreen clipped by solder mask
    Local override; warning
    @(112.6299 mm, 102.3194 mm): Segment of FET1 on F.Silkscreen
    @(110.6674 mm, 102.0694 mm): Pad 3 [/single esc 1/PHASE_A_0] of FET1 on F.Cu
[silk_over_copper]: Silkscreen clipped by solder mask
    Local override; warning
    @(112.6299 mm, 102.3194 mm): Segment of FET1 on F.Silkscreen
    @(111.5299 mm, 101.9194 mm): Pad 8 [/single esc 1/PHASE_A_0] of FET1 on F.Cu
[silk_over_copper]: Silkscreen clipped by solder mask
    Local override; warning
    @(115.6930 mm, 104.2135 mm): Segment of U2 on F.Silkscreen
    @(115.6430 mm, 104.2635 mm): Pad 11 [/single esc 1/Bp_0] of U2 on F.Cu
[silk_over_copper]: Silkscreen clipped by solder mask
    Local override; warning
    @(115.6930 mm, 104.2135 mm): Segment of U2 on F.Silkscreen
    @(114.9430 mm, 104.2635 mm): Pad 12 [GND] of U2 on F.Cu
[silk_over_copper]: Silkscreen clipped by solder mask
    Local override; warning
    @(115.6930 mm, 104.2135 mm): Segment of U2 on F.Silkscreen
    @(114.4430 mm, 104.2635 mm): Pad 13 [/single esc 1/Ac_0] of U2 on F.Cu
[silk_over_copper]: Silkscreen clipped by solder mask
    Local override; warning
    @(115.6930 mm, 104.2135 mm): Segment of U2 on F.Silkscreen
    @(113.9430 mm, 104.2635 mm): Pad 14 [/single esc 1/Ap_0] of U2 on F.Cu
[silk_over_copper]: Silkscreen clipped by solder mask
    Local override; warning
    @(115.6930 mm, 104.2135 mm): Segment of U2 on F.Silkscreen
    @(113.4430 mm, 104.2635 mm): Pad 15 [unconnected-(U2-P0.7-Pad15)] of U2 on F.Cu
[silk_over_copper]: Silkscreen clipped by solder mask
    Local override; warning
    @(115.6930 mm, 104.2135 mm): Segment of U2 on F.Silkscreen
    @(112.7430 mm, 104.2635 mm): Pad 16 [unconnected-(U2-P0.6-Pad16)] of U2 on F.Cu
[silk_over_copper]: Silkscreen clipped by solder mask
    Local override; warning
    @(114.6629 mm, 101.4392 mm): Reference field of FET2
    @(114.6629 mm, 101.9392 mm): Pad 8 [/single esc 1/PHASE_B_0] of FET2 on F.Cu
[silk_over_copper]: Silkscreen clipped by solder mask
    Local override; warning
    @(114.6629 mm, 101.4392 mm): Reference field of FET2
    @(114.6629 mm, 100.9392 mm): Pad 7 [/single esc 1/PHASE_B_0] of FET2 on F.Cu
[silk_over_copper]: Silkscreen clipped by solder mask
    Local override; warning
    @(114.6629 mm, 101.4392 mm): Reference field of FET2
    @(115.5254 mm, 101.4392 mm): Pad 5 [Net-(FET2-P_G)] of FET2 on F.Cu
[silk_over_copper]: Silkscreen clipped by solder mask
    Local override; warning
    @(113.5629 mm, 100.5392 mm): Segment of FET2 on F.Silkscreen
    @(113.8004 mm, 100.7892 mm): Pad 1 [GND] of FET2 on F.Cu
[silk_over_copper]: Silkscreen clipped by solder mask
    Local override; warning
    @(113.5629 mm, 100.5392 mm): Segment of FET2 on F.Silkscreen
    @(114.6629 mm, 100.9392 mm): Pad 7 [/single esc 1/PHASE_B_0] of FET2 on F.Cu
[silk_over_copper]: Silkscreen clipped by solder mask
    Local override; warning
    @(113.5629 mm, 100.5392 mm): Segment of FET2 on F.Silkscreen
    @(115.5254 mm, 100.7892 mm): Pad 6 [/single esc 1/PHASE_B_0] of FET2 on F.Cu
[silk_over_copper]: Silkscreen clipped by solder mask
    Local override; warning
    @(113.5629 mm, 102.3392 mm): Segment of FET2 on F.Silkscreen
    @(113.8004 mm, 100.7892 mm): Pad 1 [GND] of FET2 on F.Cu
[silk_over_copper]: Silkscreen clipped by solder mask
    Local override; warning
    @(113.5629 mm, 102.3392 mm): Segment of FET2 on F.Silkscreen
    @(113.8004 mm, 101.4392 mm): Pad 2 [/single esc 1/Bp_0] of FET2 on F.Cu
[silk_over_copper]: Silkscreen clipped by solder mask
    Local override; warning
    @(113.5629 mm, 102.3392 mm): Segment of FET2 on F.Silkscreen
    @(113.8004 mm, 102.0892 mm): Pad 3 [/single esc 1/PHASE_B_0] of FET2 on F.Cu
[silk_over_copper]: Silkscreen clipped by solder mask
    Local override; warning
    @(115.7629 mm, 100.5392 mm): Segment of FET2 on F.Silkscreen
    @(115.5254 mm, 102.0892 mm): Pad 4 [VCC] of FET2 on F.Cu
[silk_over_copper]: Silkscreen clipped by solder mask
    Local override; warning
    @(115.7629 mm, 100.5392 mm): Segment of FET2 on F.Silkscreen
    @(115.5254 mm, 101.4392 mm): Pad 5 [Net-(FET2-P_G)] of FET2 on F.Cu
[silk_over_copper]: Silkscreen clipped by solder mask
    Local override; warning
    @(115.7629 mm, 100.5392 mm): Segment of FET2 on F.Silkscreen
    @(115.5254 mm, 100.7892 mm): Pad 6 [/single esc 1/PHASE_B_0] of FET2 on F.Cu
[silk_over_copper]: Silkscreen clipped by solder mask
    Local override; warning
    @(115.7629 mm, 102.3392 mm): Segment of FET2 on F.Silkscreen
    @(113.8004 mm, 102.0892 mm): Pad 3 [/single esc 1/PHASE_B_0] of FET2 on F.Cu
[silk_over_copper]: Silkscreen clipped by solder mask
    Local override; warning
    @(115.7629 mm, 102.3392 mm): Segment of FET2 on F.Silkscreen
    @(114.6629 mm, 101.9392 mm): Pad 8 [/single esc 1/PHASE_B_0] of FET2 on F.Cu
[silk_over_copper]: Silkscreen clipped by solder mask
    Local override; warning
    @(115.7629 mm, 102.3392 mm): Segment of FET2 on F.Silkscreen
    @(115.5254 mm, 102.0892 mm): Pad 4 [VCC] of FET2 on F.Cu
[silk_over_copper]: Silkscreen clipped by solder mask
    Local override; warning
    @(107.3418 mm, 115.7003 mm): Segment of U5 on F.Silkscreen
    @(107.2918 mm, 112.7503 mm): Pad 1 [Net-(U5-P0.1)] of U5 on F.Cu
[silk_over_copper]: Silkscreen clipped by solder mask
    Local override; warning
    @(107.3418 mm, 115.7003 mm): Segment of U5 on F.Silkscreen
    @(107.2918 mm, 113.4503 mm): Pad 20 [Net-(U5-P0.2)] of U5 on F.Cu
[silk_over_copper]: Silkscreen clipped by solder mask
    Local override; warning
    @(107.3418 mm, 115.7003 mm): Segment of U5 on F.Silkscreen
    @(107.2918 mm, 114.9503 mm): Pad 17 [Net-(U5-P0.5)] of U5 on F.Cu
[silk_over_copper]: Silkscreen clipped by solder mask
    Local override; warning
    @(107.3418 mm, 115.7003 mm): Segment of U5 on F.Silkscreen
    @(107.2918 mm, 113.9503 mm): Pad 19 [Net-(U5-P0.3)] of U5 on F.Cu
[silk_over_copper]: Silkscreen clipped by solder mask
    Local override; warning
    @(107.3418 mm, 115.7003 mm): Segment of U5 on F.Silkscreen
    @(107.2918 mm, 115.6503 mm): Pad 16 [unconnected-(U5-P0.6-Pad16)] of U5 on F.Cu
[silk_over_copper]: Silkscreen clipped by solder mask
    Local override; warning
    @(107.3418 mm, 115.7003 mm): Segment of U5 on F.Silkscreen
    @(107.2918 mm, 114.4503 mm): Pad 18 [Net-(BL_TX4-~)] of U5 on F.Cu
[silk_over_copper]: Silkscreen clipped by solder mask
    Local override; warning
    @(109.4049 mm, 114.6944 mm): PCB text 'openBLS_ESC' on F.Silkscreen
    @(109.5299 mm, 113.8694 mm): Pad 1 [/single esc 4/RC_IN_0] of R62 on F.Cu
[silk_over_copper]: Silkscreen clipped by solder mask
    Local override; warning
    @(104.3418 mm, 112.7003 mm): Segment of U5 on F.Silkscreen
    @(104.3918 mm, 112.7503 mm): Pad 6 [/single esc 4/C2D_0] of U5 on F.Cu
[silk_over_copper]: Silkscreen clipped by solder mask
    Local override; warning
    @(104.3418 mm, 112.7003 mm): Segment of U5 on F.Silkscreen
    @(104.3918 mm, 113.4503 mm): Pad 7 [unconnected-(U5-P1.6-Pad7)] of U5 on F.Cu
[silk_over_copper]: Silkscreen clipped by solder mask
    Local override; warning
    @(104.3418 mm, 112.7003 mm): Segment of U5 on F.Silkscreen
    @(104.3918 mm, 113.9503 mm): Pad 8 [Net-(U5-P1.5)] of U5 on F.Cu
[silk_over_copper]: Silkscreen clipped by solder mask
    Local override; warning
    @(104.3418 mm, 112.7003 mm): Segment of U5 on F.Silkscreen
    @(104.3918 mm, 114.4503 mm): Pad 9 [Net-(FET12-N_G)] of U5 on F.Cu
[silk_over_copper]: Silkscreen clipped by solder mask
    Local override; warning
    @(104.3418 mm, 112.7003 mm): Segment of U5 on F.Silkscreen
    @(104.3918 mm, 114.9503 mm): Pad 10 [/single esc 4/Bc_0] of U5 on F.Cu
[silk_over_copper]: Silkscreen clipped by solder mask
    Local override; warning
    @(104.3418 mm, 112.7003 mm): Segment of U5 on F.Silkscreen
    @(104.3918 mm, 115.6503 mm): Pad 11 [/single esc 4/Bp_0] of U5 on F.Cu
[silk_over_copper]: Silkscreen clipped by solder mask
    Local override; warning
    @(104.3418 mm, 115.7003 mm): Segment of U5 on F.Silkscreen
    @(104.3918 mm, 115.6503 mm): Pad 11 [/single esc 4/Bp_0] of U5 on F.Cu
[silk_over_copper]: Silkscreen clipped by solder mask
    Local override; warning
    @(104.3418 mm, 115.7003 mm): Segment of U5 on F.Silkscreen
    @(105.0918 mm, 115.6503 mm): Pad 12 [GND] of U5 on F.Cu
[silk_over_copper]: Silkscreen clipped by solder mask
    Local override; warning
    @(104.3418 mm, 115.7003 mm): Segment of U5 on F.Silkscreen
    @(105.5918 mm, 115.6503 mm): Pad 13 [/single esc 4/Ac_0] of U5 on F.Cu
[silk_over_copper]: Silkscreen clipped by solder mask
    Local override; warning
    @(104.3418 mm, 115.7003 mm): Segment of U5 on F.Silkscreen
    @(106.0918 mm, 115.6503 mm): Pad 14 [/single esc 4/Ap_0] of U5 on F.Cu
[silk_over_copper]: Silkscreen clipped by solder mask
    Local override; warning
    @(104.3418 mm, 115.7003 mm): Segment of U5 on F.Silkscreen
    @(106.5918 mm, 115.6503 mm): Pad 15 [unconnected-(U5-P0.7-Pad15)] of U5 on F.Cu
[silk_over_copper]: Silkscreen clipped by solder mask
    Local override; warning
    @(104.3418 mm, 115.7003 mm): Segment of U5 on F.Silkscreen
    @(107.2918 mm, 115.6503 mm): Pad 16 [unconnected-(U5-P0.6-Pad16)] of U5 on F.Cu
[silk_over_copper]: Silkscreen clipped by solder mask
    Local override; warning
    @(107.3418 mm, 112.7003 mm): Segment of U5 on F.Silkscreen
    @(105.0918 mm, 112.7503 mm): Pad 5 [/single esc 4/C2CK_0] of U5 on F.Cu
[silk_over_copper]: Silkscreen clipped by solder mask
    Local override; warning
    @(107.3418 mm, 112.7003 mm): Segment of U5 on F.Silkscreen
    @(104.3918 mm, 112.7503 mm): Pad 6 [/single esc 4/C2D_0] of U5 on F.Cu
[silk_over_copper]: Silkscreen clipped by solder mask
    Local override; warning
    @(107.3418 mm, 112.7003 mm): Segment of U5 on F.Silkscreen
    @(107.2918 mm, 112.7503 mm): Pad 1 [Net-(U5-P0.1)] of U5 on F.Cu
[silk_over_copper]: Silkscreen clipped by solder mask
    Local override; warning
    @(107.3418 mm, 112.7003 mm): Segment of U5 on F.Silkscreen
    @(106.5918 mm, 112.7503 mm): Pad 2 [Net-(U5-P0.0)] of U5 on F.Cu
[silk_over_copper]: Silkscreen clipped by solder mask
    Local override; warning
    @(107.3418 mm, 112.7003 mm): Segment of U5 on F.Silkscreen
    @(106.0918 mm, 112.7503 mm): Pad 3 [GND] of U5 on F.Cu
[silk_over_copper]: Silkscreen clipped by solder mask
    Local override; warning
    @(107.3418 mm, 112.7003 mm): Segment of U5 on F.Silkscreen
    @(105.5918 mm, 112.7503 mm): Pad 4 [/single esc 1/3V3] of U5 on F.Cu
[silk_over_copper]: Silkscreen clipped by solder mask
    Local override; warning
    @(101.5549 mm, 114.7944 mm): Reference field of FET12
    @(102.0549 mm, 114.7944 mm): Pad 8 [/single esc 4/PHASE_C_0] of FET12 on F.Cu
[silk_over_copper]: Silkscreen clipped by solder mask
    Local override; warning
    @(101.5549 mm, 114.7944 mm): Reference field of FET12
    @(101.5549 mm, 115.6569 mm): Pad 2 [Net-(FET12-N_G)] of FET12 on F.Cu
[silk_over_copper]: Silkscreen clipped by solder mask
    Local override; warning
    @(101.5549 mm, 114.7944 mm): Reference field of FET12
    @(101.0549 mm, 114.7944 mm): Pad 7 [/single esc 4/PHASE_C_0] of FET12 on F.Cu
[silk_over_copper]: Silkscreen clipped by solder mask
    Local override; warning
    @(101.5549 mm, 114.7944 mm): Reference field of FET12
    @(101.5549 mm, 113.9319 mm): Pad 5 [Net-(FET12-P_G)] of FET12 on F.Cu
[silk_over_copper]: Silkscreen clipped by solder mask
    Local override; warning
    @(100.6549 mm, 113.6944 mm): Segment of FET12 on F.Silkscreen
    @(102.2049 mm, 113.9319 mm): Pad 4 [VCC] of FET12 on F.Cu
[silk_over_copper]: Silkscreen clipped by solder mask
    Local override; warning
    @(100.6549 mm, 113.6944 mm): Segment of FET12 on F.Silkscreen
    @(101.5549 mm, 113.9319 mm): Pad 5 [Net-(FET12-P_G)] of FET12 on F.Cu
[silk_over_copper]: Silkscreen clipped by solder mask
    Local override; warning
    @(100.6549 mm, 113.6944 mm): Segment of FET12 on F.Silkscreen
    @(100.9049 mm, 113.9319 mm): Pad 6 [/single esc 4/PHASE_C_0] of FET12 on F.Cu
[silk_over_copper]: Silkscreen clipped by solder mask
    Local override; warning
    @(100.6549 mm, 115.8944 mm): Segment of FET12 on F.Silkscreen
    @(100.9049 mm, 113.9319 mm): Pad 6 [/single esc 4/PHASE_C_0] of FET12 on F.Cu
[silk_over_copper]: Silkscreen clipped by solder mask
    Local override; warning
    @(100.6549 mm, 115.8944 mm): Segment of FET12 on F.Silkscreen
    @(100.9049 mm, 115.6569 mm): Pad 1 [GND] of FET12 on F.Cu
[silk_over_copper]: Silkscreen clipped by solder mask
    Local override; warning
    @(100.6549 mm, 115.8944 mm): Segment of FET12 on F.Silkscreen
    @(101.0549 mm, 114.7944 mm): Pad 7 [/single esc 4/PHASE_C_0] of FET12 on F.Cu
[silk_over_copper]: Silkscreen clipped by solder mask
    Local override; warning
    @(102.4549 mm, 113.6944 mm): Segment of FET12 on F.Silkscreen
    @(102.2049 mm, 113.9319 mm): Pad 4 [VCC] of FET12 on F.Cu
[silk_over_copper]: Silkscreen clipped by solder mask
    Local override; warning
    @(102.4549 mm, 113.6944 mm): Segment of FET12 on F.Silkscreen
    @(102.0549 mm, 114.7944 mm): Pad 8 [/single esc 4/PHASE_C_0] of FET12 on F.Cu
[silk_over_copper]: Silkscreen clipped by solder mask
    Local override; warning
    @(102.4549 mm, 113.6944 mm): Segment of FET12 on F.Silkscreen
    @(102.2049 mm, 115.6569 mm): Pad 3 [/single esc 4/PHASE_C_0] of FET12 on F.Cu
[silk_over_copper]: Silkscreen clipped by solder mask
    Local override; warning
    @(102.4549 mm, 115.8944 mm): Segment of FET12 on F.Silkscreen
    @(100.9049 mm, 115.6569 mm): Pad 1 [GND] of FET12 on F.Cu
[silk_over_copper]: Silkscreen clipped by solder mask
    Local override; warning
    @(102.4549 mm, 115.8944 mm): Segment of FET12 on F.Silkscreen
    @(101.5549 mm, 115.6569 mm): Pad 2 [Net-(FET12-N_G)] of FET12 on F.Cu
[silk_over_copper]: Silkscreen clipped by solder mask
    Local override; warning
    @(102.4549 mm, 115.8944 mm): Segment of FET12 on F.Silkscreen
    @(102.2049 mm, 115.6569 mm): Pad 3 [/single esc 4/PHASE_C_0] of FET12 on F.Cu
[silk_overlap]: Silkscreen clearance
    Rule: board setup constraints silk; warning
    @(110.2049 mm, 105.6194 mm): Segment of R13 on B.Silkscreen
    @(110.2149 mm, 105.3778 mm): Segment of R22 on B.Silkscreen
[silk_overlap]: Silkscreen clearance
    Rule: board setup constraints silk; warning
    @(114.1299 mm, 105.7444 mm): Segment of R14 on B.Silkscreen
    @(113.4985 mm, 105.6330 mm): Segment of R19 on B.Silkscreen
[silk_overlap]: Silkscreen clearance
    Rule: board setup constraints silk; warning
    @(115.2299 mm, 104.6944 mm): Segment of R15 on B.Silkscreen
    @(115.4568 mm, 104.7761 mm): Segment of R4 on B.Silkscreen
[silk_overlap]: Silkscreen clearance
    Rule: board setup constraints silk; warning
    @(115.0987 mm, 105.6330 mm): Segment of R17 on B.Silkscreen
    @(115.7299 mm, 105.7444 mm): Segment of R15 on B.Silkscreen
[silk_overlap]: Silkscreen clearance
    Rule: board setup constraints silk; warning
    @(113.6299 mm, 106.5944 mm): Segment of R20 on B.Silkscreen
    @(113.9985 mm, 106.6830 mm): Segment of R19 on B.Silkscreen
[silk_overlap]: Silkscreen clearance
    Rule: board setup constraints silk; warning
    @(113.8914 mm, 103.6993 mm): Segment of R6 on B.Silkscreen
    @(113.4125 mm, 103.7515 mm): Segment of R9 on B.Silkscreen
[silk_overlap]: Silkscreen clearance
    Rule: board setup constraints silk; warning
    @(113.6299 mm, 104.6944 mm): Segment of R14 on B.Silkscreen
    @(113.9125 mm, 104.8015 mm): Segment of R9 on B.Silkscreen
[silk_overlap]: Silkscreen clearance
    Rule: board setup constraints silk; warning
    @(113.8914 mm, 103.6993 mm): Segment of R6 on B.Silkscreen
    @(114.9568 mm, 103.7261 mm): Segment of R4 on B.Silkscreen
[silk_overlap]: Silkscreen clearance
    Rule: board setup constraints silk; warning
    @(106.0363 mm, 113.2308 mm): Segment of R79 on B.Silkscreen
    @(106.4049 mm, 113.3194 mm): Segment of R80 on B.Silkscreen
[silk_overlap]: Silkscreen clearance
    Rule: board setup constraints silk; warning
    @(105.9049 mm, 114.1694 mm): Segment of R74 on B.Silkscreen
    @(106.5363 mm, 114.2808 mm): Segment of R79 on B.Silkscreen
[silk_overlap]: Silkscreen clearance
    Rule: board setup constraints silk; warning
    @(104.8049 mm, 115.2194 mm): Segment of R75 on B.Silkscreen
    @(104.5402 mm, 115.0825 mm): Segment of R64 on B.Silkscreen
[silk_overlap]: Silkscreen clearance
    Rule: board setup constraints silk; warning
    @(105.0402 mm, 116.1325 mm): Segment of R64 on B.Silkscreen
    @(105.9329 mm, 116.2279 mm): Segment of R66 on B.Silkscreen
[silk_overlap]: Silkscreen clearance
    Rule: board setup constraints silk; warning
    @(106.1608 mm, 115.0850 mm): Segment of R69 on B.Silkscreen
    @(106.4049 mm, 115.2194 mm): Segment of R74 on B.Silkscreen
[silk_overlap]: Silkscreen clearance
    Rule: board setup constraints silk; warning
    @(104.3049 mm, 114.1694 mm): Segment of R75 on B.Silkscreen
    @(104.9361 mm, 114.2808 mm): Segment of R77 on B.Silkscreen
[silk_overlap]: Silkscreen clearance
    Rule: board setup constraints silk; warning
    @(108.1549 mm, 109.6500 mm): Segment of C11 on B.Silkscreen
    @(108.1049 mm, 110.3500 mm): Segment of C20 on B.Silkscreen
[silk_overlap]: Silkscreen clearance
    Rule: board setup constraints silk; warning
    @(106.9049 mm, 109.6500 mm): Segment of C20 on B.Silkscreen
    @(106.8549 mm, 110.3500 mm): Segment of C18 on B.Silkscreen
[silk_overlap]: Silkscreen clearance
    Rule: board setup constraints silk; warning
    @(104.3549 mm, 110.3500 mm): Segment of C16 on B.Silkscreen
    @(104.4049 mm, 109.6500 mm): Segment of C12 on B.Silkscreen
[silk_overlap]: Silkscreen clearance
    Rule: board setup constraints silk; warning
    @(105.6549 mm, 109.6500 mm): Segment of C18 on B.Silkscreen
    @(105.6049 mm, 110.3500 mm): Segment of C12 on B.Silkscreen
[silk_overlap]: Silkscreen clearance
    Rule: board setup constraints silk; warning
    @(103.1549 mm, 109.6500 mm): Segment of C16 on B.Silkscreen
    @(103.1049 mm, 110.3500 mm): Segment of C8 on B.Silkscreen
[silk_overlap]: Silkscreen clearance
    Rule: board setup constraints silk; warning
    @(119.3799 mm, 113.7194 mm): Segment of FET9 on B.Silkscreen
    @(117.4249 mm, 113.6294 mm): Segment of R47 on B.Silkscreen
[silk_overlap]: Silkscreen clearance
    Rule: board setup constraints silk; warning
    @(117.4249 mm, 113.6294 mm): Segment of R47 on B.Silkscreen
    @(117.5799 mm, 113.7194 mm): Segment of FET9 on B.Silkscreen
[silk_overlap]: Silkscreen clearance
    Rule: board setup constraints silk; warning
    @(114.4049 mm, 109.6500 mm): Segment of C7 on B.Silkscreen
    @(114.3549 mm, 110.3500 mm): Segment of C14 on B.Silkscreen
[silk_overlap]: Silkscreen clearance
    Rule: board setup constraints silk; warning
    @(111.8549 mm, 110.3500 mm): Segment of C19 on B.Silkscreen
    @(111.9049 mm, 109.6500 mm): Segment of C6 on B.Silkscreen
[silk_overlap]: Silkscreen clearance
    Rule: board setup constraints silk; warning
    @(113.1049 mm, 110.3500 mm): Segment of C6 on B.Silkscreen
    @(113.1549 mm, 109.6500 mm): Segment of C14 on B.Silkscreen
[silk_overlap]: Silkscreen clearance
    Rule: board setup constraints silk; warning
    @(115.6549 mm, 109.6500 mm): Segment of C2 on B.Silkscreen
    @(115.6049 mm, 110.3500 mm): Segment of C7 on B.Silkscreen
[silk_overlap]: Silkscreen clearance
    Rule: board setup constraints silk; warning
    @(116.9049 mm, 109.6500 mm): Segment of C15 on B.Silkscreen
    @(116.8549 mm, 110.3500 mm): Segment of C2 on B.Silkscreen
[silk_overlap]: Silkscreen clearance
    Rule: board setup constraints silk; warning
    @(110.6049 mm, 110.3500 mm): Segment of C10 on B.Silkscreen
    @(110.6549 mm, 109.6500 mm): Segment of C19 on B.Silkscreen
[silk_overlap]: Silkscreen clearance
    Rule: board setup constraints silk; warning
    @(109.8786 mm, 115.3393 mm): Segment of R42 on B.Silkscreen
    @(109.8299 mm, 114.2944 mm): Segment of R73 on B.Silkscreen
[silk_overlap]: Silkscreen clearance
    Rule: board setup constraints silk; warning
    @(109.3549 mm, 110.3500 mm): Segment of C11 on B.Silkscreen
    @(109.4049 mm, 109.6500 mm): Segment of C10 on B.Silkscreen
[silk_over_copper]: Silkscreen clipped by solder mask
    Local override; warning
    @(104.3418 mm, 104.2385 mm): Segment of U3 on B.Silkscreen
    @(106.0918 mm, 104.2885 mm): Pad 14 [/single esc 2/Ap_0] of U3 on B.Cu
[silk_over_copper]: Silkscreen clipped by solder mask
    Local override; warning
    @(104.3418 mm, 104.2385 mm): Segment of U3 on B.Silkscreen
    @(106.5918 mm, 104.2885 mm): Pad 15 [unconnected-(U3-P0.7-Pad15)] of U3 on B.Cu
[silk_over_copper]: Silkscreen clipped by solder mask
    Local override; warning
    @(104.3418 mm, 104.2385 mm): Segment of U3 on B.Silkscreen
    @(107.2918 mm, 104.2885 mm): Pad 16 [unconnected-(U3-P0.6-Pad16)] of U3 on B.Cu
[silk_over_copper]: Silkscreen clipped by solder mask
    Local override; warning
    @(104.3418 mm, 104.2385 mm): Segment of U3 on B.Silkscreen
    @(104.3918 mm, 104.2885 mm): Pad 11 [/single esc 2/Bp_0] of U3 on B.Cu
[silk_over_copper]: Silkscreen clipped by solder mask
    Local override; warning
    @(104.3418 mm, 104.2385 mm): Segment of U3 on B.Silkscreen
    @(105.0918 mm, 104.2885 mm): Pad 12 [GND] of U3 on B.Cu
[silk_over_copper]: Silkscreen clipped by solder mask
    Local override; warning
    @(104.3418 mm, 104.2385 mm): Segment of U3 on B.Silkscreen
    @(105.5918 mm, 104.2885 mm): Pad 13 [/single esc 2/Ac_0] of U3 on B.Cu
[silk_over_copper]: Silkscreen clipped by solder mask
    Local override; warning
    @(104.3418 mm, 107.2385 mm): Segment of U3 on B.Silkscreen
    @(104.3918 mm, 107.1885 mm): Pad 6 [/single esc 2/C2D_0] of U3 on B.Cu
[silk_over_copper]: Silkscreen clipped by solder mask
    Local override; warning
    @(104.3418 mm, 107.2385 mm): Segment of U3 on B.Silkscreen
    @(104.3918 mm, 106.4885 mm): Pad 7 [unconnected-(U3-P1.6-Pad7)] of U3 on B.Cu
[silk_over_copper]: Silkscreen clipped by solder mask
    Local override; warning
    @(104.3418 mm, 107.2385 mm): Segment of U3 on B.Silkscreen
    @(104.3918 mm, 105.9885 mm): Pad 8 [Net-(U3-P1.5)] of U3 on B.Cu
[silk_over_copper]: Silkscreen clipped by solder mask
    Local override; warning
    @(104.3418 mm, 107.2385 mm): Segment of U3 on B.Silkscreen
    @(104.3918 mm, 105.4885 mm): Pad 9 [Net-(FET6-N_G)] of U3 on B.Cu
[silk_over_copper]: Silkscreen clipped by solder mask
    Local override; warning
    @(104.3418 mm, 107.2385 mm): Segment of U3 on B.Silkscreen
    @(104.3918 mm, 104.9885 mm): Pad 10 [/single esc 2/Bc_0] of U3 on B.Cu
[silk_over_copper]: Silkscreen clipped by solder mask
    Local override; warning
    @(104.3418 mm, 107.2385 mm): Segment of U3 on B.Silkscreen
    @(104.3918 mm, 104.2885 mm): Pad 11 [/single esc 2/Bp_0] of U3 on B.Cu
[silk_over_copper]: Silkscreen clipped by solder mask
    Local override; warning
    @(107.3418 mm, 104.2385 mm): Segment of U3 on B.Silkscreen
    @(107.2918 mm, 104.2885 mm): Pad 16 [unconnected-(U3-P0.6-Pad16)] of U3 on B.Cu
[silk_over_copper]: Silkscreen clipped by solder mask
    Local override; warning
    @(107.3418 mm, 104.2385 mm): Segment of U3 on B.Silkscreen
    @(107.2918 mm, 104.9885 mm): Pad 17 [Net-(U3-P0.5)] of U3 on B.Cu
[silk_over_copper]: Silkscreen clipped by solder mask
    Local override; warning
    @(107.3418 mm, 104.2385 mm): Segment of U3 on B.Silkscreen
    @(107.2918 mm, 105.4885 mm): Pad 18 [Net-(BL_TX2-~)] of U3 on B.Cu
[silk_over_copper]: Silkscreen clipped by solder mask
    Local override; warning
    @(107.3418 mm, 104.2385 mm): Segment of U3 on B.Silkscreen
    @(107.2918 mm, 105.9885 mm): Pad 19 [Net-(U3-P0.3)] of U3 on B.Cu
[silk_over_copper]: Silkscreen clipped by solder mask
    Local override; warning
    @(107.3418 mm, 104.2385 mm): Segment of U3 on B.Silkscreen
    @(107.2918 mm, 106.4885 mm): Pad 20 [Net-(U3-P0.2)] of U3 on B.Cu
[silk_over_copper]: Silkscreen clipped by solder mask
    Local override; warning
    @(107.3418 mm, 104.2385 mm): Segment of U3 on B.Silkscreen
    @(107.2918 mm, 107.1885 mm): Pad 1 [Net-(U3-P0.1)] of U3 on B.Cu
[silk_over_copper]: Silkscreen clipped by solder mask
    Local override; warning
    @(107.3418 mm, 107.2385 mm): Segment of U3 on B.Silkscreen
    @(104.3918 mm, 107.1885 mm): Pad 6 [/single esc 2/C2D_0] of U3 on B.Cu
[silk_over_copper]: Silkscreen clipped by solder mask
    Local override; warning
    @(107.3418 mm, 107.2385 mm): Segment of U3 on B.Silkscreen
    @(107.2918 mm, 107.1885 mm): Pad 1 [Net-(U3-P0.1)] of U3 on B.Cu
[silk_over_copper]: Silkscreen clipped by solder mask
    Local override; warning
    @(107.3418 mm, 107.2385 mm): Segment of U3 on B.Silkscreen
    @(106.5918 mm, 107.1885 mm): Pad 2 [Net-(U3-P0.0)] of U3 on B.Cu
[silk_over_copper]: Silkscreen clipped by solder mask
    Local override; warning
    @(107.3418 mm, 107.2385 mm): Segment of U3 on B.Silkscreen
    @(106.0918 mm, 107.1885 mm): Pad 3 [GND] of U3 on B.Cu
[silk_over_copper]: Silkscreen clipped by solder mask
    Local override; warning
    @(107.3418 mm, 107.2385 mm): Segment of U3 on B.Silkscreen
    @(105.5918 mm, 107.1885 mm): Pad 4 [/single esc 1/3V3] of U3 on B.Cu
[silk_over_copper]: Silkscreen clipped by solder mask
    Local override; warning
    @(107.3418 mm, 107.2385 mm): Segment of U3 on B.Silkscreen
    @(105.0918 mm, 107.1885 mm): Pad 5 [/single esc 2/C2CK_0] of U3 on B.Cu
[silk_over_copper]: Silkscreen clipped by solder mask
    Local override; warning
    @(108.5049 mm, 101.4444 mm): Reference field of FET4
    @(108.5049 mm, 100.9444 mm): Pad 7 [/single esc 2/PHASE_A_0] of FET4 on B.Cu
[silk_over_copper]: Silkscreen clipped by solder mask
    Local override; warning
    @(108.5049 mm, 101.4444 mm): Reference field of FET4
    @(108.5049 mm, 101.9444 mm): Pad 8 [/single esc 2/PHASE_A_0] of FET4 on B.Cu
[silk_over_copper]: Silkscreen clipped by solder mask
    Local override; warning
    @(105.3719 mm, 101.4642 mm): Reference field of FET5
    @(105.3719 mm, 100.9642 mm): Pad 7 [/single esc 2/PHASE_B_0] of FET5 on B.Cu
[silk_over_copper]: Silkscreen clipped by solder mask
    Local override; warning
    @(105.3719 mm, 101.4642 mm): Reference field of FET5
    @(104.5094 mm, 101.4642 mm): Pad 5 [Net-(FET5-P_G)] of FET5 on B.Cu
[silk_over_copper]: Silkscreen clipped by solder mask
    Local override; warning
    @(105.3719 mm, 101.4642 mm): Reference field of FET5
    @(105.3719 mm, 101.9642 mm): Pad 8 [/single esc 2/PHASE_B_0] of FET5 on B.Cu
[silk_over_copper]: Silkscreen clipped by solder mask
    Local override; warning
    @(108.5049 mm, 101.4444 mm): Reference field of FET4
    @(107.6424 mm, 101.4444 mm): Pad 5 [Net-(FET4-P_G)] of FET4 on B.Cu
[silk_over_copper]: Silkscreen clipped by solder mask
    Local override; warning
    @(107.4049 mm, 100.5444 mm): Segment of FET4 on B.Silkscreen
    @(107.6424 mm, 102.0944 mm): Pad 4 [VCC] of FET4 on B.Cu
[silk_over_copper]: Silkscreen clipped by solder mask
    Local override; warning
    @(107.4049 mm, 100.5444 mm): Segment of FET4 on B.Silkscreen
    @(107.6424 mm, 101.4444 mm): Pad 5 [Net-(FET4-P_G)] of FET4 on B.Cu
[silk_over_copper]: Silkscreen clipped by solder mask
    Local override; warning
    @(107.4049 mm, 100.5444 mm): Segment of FET4 on B.Silkscreen
    @(107.6424 mm, 100.7944 mm): Pad 6 [/single esc 2/PHASE_A_0] of FET4 on B.Cu
[silk_over_copper]: Silkscreen clipped by solder mask
    Local override; warning
    @(107.4049 mm, 102.3444 mm): Segment of FET4 on B.Silkscreen
    @(109.3674 mm, 102.0944 mm): Pad 3 [/single esc 2/PHASE_A_0] of FET4 on B.Cu
[silk_over_copper]: Silkscreen clipped by solder mask
    Local override; warning
    @(107.4049 mm, 102.3444 mm): Segment of FET4 on B.Silkscreen
    @(108.5049 mm, 101.9444 mm): Pad 8 [/single esc 2/PHASE_A_0] of FET4 on B.Cu
[silk_over_copper]: Silkscreen clipped by solder mask
    Local override; warning
    @(107.4049 mm, 102.3444 mm): Segment of FET4 on B.Silkscreen
    @(107.6424 mm, 102.0944 mm): Pad 4 [VCC] of FET4 on B.Cu
[silk_over_copper]: Silkscreen clipped by solder mask
    Local override; warning
    @(109.6049 mm, 100.5444 mm): Segment of FET4 on B.Silkscreen
    @(107.6424 mm, 100.7944 mm): Pad 6 [/single esc 2/PHASE_A_0] of FET4 on B.Cu
[text_height]: Text height out of range (board setup constraints silk text height min height 0.8000 mm; actual 0.5000 mm)
    Rule: board setup constraints silk text height; warning
    @(109.4049 mm, 114.6944 mm): PCB text 'openBLS_ESC' on F.Silkscreen
[text_height]: Text height out of range (board setup constraints silk text height min height 0.8000 mm; actual 0.5000 mm)
    Rule: board setup constraints silk text height; warning
    @(117.3353 mm, 109.9839 mm): PCB text 'rev0.1' on F.Silkscreen
[text_height]: Text height out of range (board setup constraints silk text height min height 0.8000 mm; actual 0.4000 mm)
    Rule: board setup constraints silk text height; warning
    @(111.5299 mm, 101.4194 mm): Reference field of FET1
[text_height]: Text height out of range (board setup constraints silk text height min height 0.8000 mm; actual 0.4000 mm)
    Rule: board setup constraints silk text height; warning
    @(114.6629 mm, 101.4392 mm): Reference field of FET2
[text_height]: Text height out of range (board setup constraints silk text height min height 0.8000 mm; actual 0.4000 mm)
    Rule: board setup constraints silk text height; warning
    @(118.4799 mm, 105.1194 mm): Reference field of FET3
[text_height]: Text height out of range (board setup constraints silk text height min height 0.8000 mm; actual 0.4000 mm)
    Rule: board setup constraints silk text height; warning
    @(108.5049 mm, 118.4944 mm): Reference field of FET10
[text_height]: Text height out of range (board setup constraints silk text height min height 0.8000 mm; actual 0.4000 mm)
    Rule: board setup constraints silk text height; warning
    @(105.3719 mm, 118.4746 mm): Reference field of FET11
[text_height]: Text height out of range (board setup constraints silk text height min height 0.8000 mm; actual 0.4000 mm)
    Rule: board setup constraints silk text height; warning
    @(101.5549 mm, 114.7944 mm): Reference field of FET12
[text_height]: Text height out of range (board setup constraints silk text height min height 0.8000 mm; actual 0.4000 mm)
    Rule: board setup constraints silk text height; warning
    @(108.5049 mm, 101.4444 mm): Reference field of FET4
[text_height]: Text height out of range (board setup constraints silk text height min height 0.8000 mm; actual 0.4000 mm)
    Rule: board setup constraints silk text height; warning
    @(105.3719 mm, 101.4642 mm): Reference field of FET5
[text_height]: Text height out of range (board setup constraints silk text height min height 0.8000 mm; actual 0.4000 mm)
    Rule: board setup constraints silk text height; warning
    @(111.5299 mm, 118.5194 mm): Reference field of FET7
[text_height]: Text height out of range (board setup constraints silk text height min height 0.8000 mm; actual 0.4000 mm)
    Rule: board setup constraints silk text height; warning
    @(114.6629 mm, 118.4996 mm): Reference field of FET8
[text_height]: Text height out of range (board setup constraints silk text height min height 0.8000 mm; actual 0.4000 mm)
    Rule: board setup constraints silk text height; warning
    @(118.4799 mm, 114.8194 mm): Reference field of FET9
[text_height]: Text height out of range (board setup constraints silk text height min height 0.8000 mm; actual 0.4000 mm)
    Rule: board setup constraints silk text height; warning
    @(101.5549 mm, 105.1444 mm): Reference field of FET6
[lib_footprint_mismatch]: Footprint 'mouting_hole' does not match copy in library 'custom'
    Local override; warning
    @(117.8000 mm, 118.0000 mm): Footprint H1
[lib_footprint_mismatch]: Footprint 'mouting_hole' does not match copy in library 'custom'
    Local override; warning
    @(102.1000 mm, 101.9000 mm): Footprint H2
[hole_to_hole]: Drilled hole too close to other hole (board setup constraints min 0.2500 mm; actual 0.0000 mm)
    Rule: board setup constraints; warning
    @(110.0299 mm, 119.4694 mm): Via [GND] on F.Cu - B.Cu
    @(110.0049 mm, 119.4444 mm): Via [GND] on F.Cu - B.Cu
[hole_to_hole]: Drilled hole too close to other hole (board setup constraints min 0.2500 mm; actual 0.1604 mm)
    Rule: board setup constraints; warning
    @(119.3593 mm, 110.4046 mm): PTH pad 1 [VCC] of TP1
    @(120.0451 mm, 110.8364 mm): PTH pad 1 [VCC] of TP1
[hole_to_hole]: Drilled hole too close to other hole (board setup constraints min 0.2500 mm; actual 0.1604 mm)
    Rule: board setup constraints; warning
    @(119.3593 mm, 111.2682 mm): PTH pad 1 [VCC] of TP1
    @(120.0451 mm, 110.8364 mm): PTH pad 1 [VCC] of TP1
[hole_to_hole]: Drilled hole too close to other hole (board setup constraints min 0.2500 mm; actual 0.1604 mm)
    Rule: board setup constraints; warning
    @(119.3593 mm, 108.4626 mm): PTH pad 1 [GND] of TP2
    @(120.0451 mm, 108.8944 mm): PTH pad 1 [GND] of TP2
[hole_to_hole]: Drilled hole too close to other hole (board setup constraints min 0.2500 mm; actual 0.1604 mm)
    Rule: board setup constraints; warning
    @(120.0451 mm, 108.8944 mm): PTH pad 1 [GND] of TP2
    @(119.3593 mm, 109.3262 mm): PTH pad 1 [GND] of TP2
[track_dangling]: Track has unconnected end
    Local override; warning
    @(111.3355 mm, 106.3104 mm): Track [<no net>] on F.Cu, length 0.0000 mm
[track_dangling]: Track has unconnected end
    Local override; warning
    @(109.3049 mm, 107.7444 mm): Track [<no net>] on F.Cu, length 0.3000 mm
[track_dangling]: Track has unconnected end
    Local override; warning
    @(108.6993 mm, 113.6034 mm): Track [<no net>] on F.Cu, length 0.0000 mm
[track_dangling]: Track has unconnected end
    Local override; warning
    @(111.3355 mm, 113.6284 mm): Track [<no net>] on B.Cu, length 0.0000 mm
[track_dangling]: Track has unconnected end
    Local override; warning
    @(108.6993 mm, 106.3354 mm): Track [<no net>] on B.Cu, length 0.0000 mm
[track_dangling]: Track has unconnected end
    Local override; warning
    @(105.6589 mm, 117.4363 mm): Track [GND] on B.Cu, length 0.0216 mm
[track_dangling]: Track has unconnected end
    Local override; warning
    @(102.7349 mm, 109.3834 mm): Track [VCC] on F.Cu, length 0.0310 mm
[track_dangling]: Track has unconnected end
    Local override; warning
    @(108.9674 mm, 116.4069 mm): Track [/single esc 4/PHASE_A_0] on F.Cu, length 0.0884 mm
[track_dangling]: Track has unconnected end
    Local override; warning
    @(105.8926 mm, 102.5925 mm): Track [/single esc 2/Bp_0] on B.Cu, length 0.2819 mm
[track_dangling]: Track has unconnected end
    Local override; warning
    @(112.8217 mm, 116.3517 mm): Track [/single esc 3/Ap_0] on B.Cu, length 0.0611 mm

** Found 32 unconnected pads **
[unconnected_items]: Missing connection between items
    Local override; error
    @(112.7430 mm, 107.1635 mm): Pad 1 [Net-(U2-P0.1)] of U2 on F.Cu
    @(114.3299 mm, 107.1194 mm): Pad 2 [Net-(U2-P0.1)] of R20 on B.Cu
[unconnected_items]: Missing connection between items
    Local override; error
    @(113.4430 mm, 107.1635 mm): Pad 2 [Net-(U2-P0.0)] of U2 on F.Cu
    @(114.1985 mm, 106.1580 mm): Pad 2 [Net-(U2-P0.0)] of R19 on B.Cu
[unconnected_items]: Missing connection between items
    Local override; error
    @(112.7430 mm, 105.9635 mm): Pad 19 [Net-(U2-P0.3)] of U2 on F.Cu
    @(113.4299 mm, 105.2194 mm): Pad 1 [Net-(U2-P0.3)] of R14 on B.Cu
[unconnected_items]: Missing connection between items
    Local override; error
    @(111.9299 mm, 107.1194 mm): Pad 2 [Net-(U2-P0.2)] of R18 on B.Cu
    @(112.7430 mm, 106.4635 mm): Pad 20 [Net-(U2-P0.2)] of U2 on F.Cu
[unconnected_items]: Missing connection between items
    Local override; error
    @(105.7049 mm, 112.7944 mm): Pad 2 [Net-(U5-P0.1)] of R80 on B.Cu
    @(107.2918 mm, 112.7503 mm): Pad 1 [Net-(U5-P0.1)] of U5 on F.Cu
[unconnected_items]: Missing connection between items
    Local override; error
    @(105.8363 mm, 113.7558 mm): Pad 2 [Net-(U5-P0.0)] of R79 on B.Cu
    @(106.5918 mm, 112.7503 mm): Pad 2 [Net-(U5-P0.0)] of U5 on F.Cu
[unconnected_items]: Missing connection between items
    Local override; error
    @(106.6049 mm, 114.6944 mm): Pad 1 [Net-(U5-P0.3)] of R74 on B.Cu
    @(107.2918 mm, 113.9503 mm): Pad 19 [Net-(U5-P0.3)] of U5 on F.Cu
[unconnected_items]: Missing connection between items
    Local override; error
    @(107.2918 mm, 113.4503 mm): Pad 20 [Net-(U5-P0.2)] of U5 on F.Cu
    @(108.1049 mm, 112.7944 mm): Pad 2 [Net-(U5-P0.2)] of R78 on B.Cu
[unconnected_items]: Missing connection between items
    Local override; error
    @(107.2918 mm, 106.4885 mm): Pad 20 [Net-(U3-P0.2)] of U3 on B.Cu
    @(108.0799 mm, 106.8944 mm): Pad 2 [Net-(U3-P0.2)] of R38 on F.Cu
[unconnected_items]: Missing connection between items
    Local override; error
    @(105.8049 mm, 105.9444 mm): Pad 2 [Net-(U3-P0.0)] of R39 on F.Cu
    @(106.5918 mm, 107.1885 mm): Pad 2 [Net-(U3-P0.0)] of U3 on B.Cu
[unconnected_items]: Missing connection between items
    Local override; error
    @(105.7049 mm, 106.8944 mm): Pad 2 [Net-(U3-P0.1)] of R40 on F.Cu
    @(107.2918 mm, 107.1885 mm): Pad 1 [Net-(U3-P0.1)] of U3 on B.Cu
[unconnected_items]: Missing connection between items
    Local override; error
    @(111.9549 mm, 113.0444 mm): Pad 2 [Net-(U4-P0.2)] of R58 on F.Cu
    @(112.7430 mm, 113.4753 mm): Pad 20 [Net-(U4-P0.2)] of U4 on B.Cu
[unconnected_items]: Missing connection between items
    Local override; error
    @(113.4430 mm, 112.7753 mm): Pad 2 [Net-(U4-P0.0)] of U4 on B.Cu
    @(114.2049 mm, 113.9944 mm): Pad 2 [Net-(U4-P0.0)] of R59 on F.Cu
[unconnected_items]: Missing connection between items
    Local override; error
    @(112.7430 mm, 112.7753 mm): Pad 1 [Net-(U4-P0.1)] of U4 on B.Cu
    @(114.3299 mm, 113.0444 mm): Pad 2 [Net-(U4-P0.1)] of R60 on F.Cu
[unconnected_items]: Missing connection between items
    Local override; error
    @(107.2799 mm, 105.0944 mm): Pad 1 [Net-(R32-~-Pad1)] of R32 on F.Cu
    @(109.2799 mm, 106.4444 mm): Pad 1 [Net-(R32-~-Pad1)] of R36 on F.Cu
[unconnected_items]: Missing connection between items
    Local override; error
    @(108.1799 mm, 105.0944 mm): Pad 2 [Net-(R32-~-Pad2)] of R32 on F.Cu
    @(109.3049 mm, 105.8444 mm): Pad 1 [Net-(R32-~-Pad2)] of R33 on F.Cu
[unconnected_items]: Missing connection between items
    Local override; error
    @(106.7049 mm, 105.0944 mm): Pad 1 [Net-(U3-P0.3)] of R34 on F.Cu
    @(107.2918 mm, 105.9885 mm): Pad 19 [Net-(U3-P0.3)] of U3 on B.Cu
[unconnected_items]: Missing connection between items
    Local override; error
    @(105.0049 mm, 105.2444 mm): Pad 1 [Net-(R34-~-Pad2)] of R35 on F.Cu
    @(105.8049 mm, 105.0944 mm): Pad 2 [Net-(R34-~-Pad2)] of R34 on F.Cu
[unconnected_items]: Missing connection between items
    Local override; error
    @(105.1361 mm, 106.1830 mm): Pad 1 [Net-(R36-~-Pad2)] of R37 on F.Cu
    @(109.2799 mm, 107.3444 mm): Pad 2 [Net-(R36-~-Pad2)] of R36 on F.Cu
[unconnected_items]: Missing connection between items
    Local override; error
    @(110.7299 mm, 113.4194 mm): Pad 1 [Net-(R52-~-Pad1)] of R56 on F.Cu
    @(112.7299 mm, 114.8944 mm): Pad 1 [Net-(R52-~-Pad1)] of R52 on F.Cu
[unconnected_items]: Missing connection between items
    Local override; error
    @(110.7299 mm, 114.1194 mm): Pad 1 [Net-(R52-~-Pad2)] of R53 on F.Cu
    @(111.8299 mm, 114.8944 mm): Pad 2 [Net-(R52-~-Pad2)] of R52 on F.Cu
[unconnected_items]: Missing connection between items
    Local override; error
    @(112.7430 mm, 113.9753 mm): Pad 19 [Net-(U4-P0.3)] of U4 on B.Cu
    @(113.3049 mm, 114.8944 mm): Pad 1 [Net-(U4-P0.3)] of R54 on F.Cu
[unconnected_items]: Missing connection between items
    Local override; error
    @(114.2049 mm, 114.8944 mm): Pad 2 [Net-(R54-~-Pad2)] of R54 on F.Cu
    @(115.0299 mm, 114.7194 mm): Pad 1 [Net-(R54-~-Pad2)] of R55 on F.Cu
[unconnected_items]: Missing connection between items
    Local override; error
    @(110.7299 mm, 112.5194 mm): Pad 2 [Net-(R56-~-Pad2)] of R56 on F.Cu
    @(114.8987 mm, 113.7808 mm): Pad 1 [Net-(R56-~-Pad2)] of R57 on F.Cu
[unconnected_items]: Missing connection between items
    Local override; error
    @(110.7549 mm, 106.4444 mm): Pad 1 [Net-(R12-~-Pad1)] of R16 on B.Cu
    @(112.7799 mm, 105.2194 mm): Pad 1 [Net-(R12-~-Pad1)] of R12 on B.Cu
[unconnected_items]: Missing connection between items
    Local override; error
    @(110.7299 mm, 105.8194 mm): Pad 1 [Net-(R12-~-Pad2)] of R13 on B.Cu
    @(111.8799 mm, 105.2194 mm): Pad 2 [Net-(R12-~-Pad2)] of R12 on B.Cu
[unconnected_items]: Missing connection between items
    Local override; error
    @(114.3299 mm, 105.2194 mm): Pad 2 [Net-(R14-~-Pad2)] of R14 on B.Cu
    @(115.0299 mm, 105.2194 mm): Pad 1 [Net-(R14-~-Pad2)] of R15 on B.Cu
[unconnected_items]: Missing connection between items
    Local override; error
    @(110.7549 mm, 107.3444 mm): Pad 2 [Net-(R16-~-Pad2)] of R16 on B.Cu
    @(114.8987 mm, 106.1580 mm): Pad 1 [Net-(R16-~-Pad2)] of R17 on B.Cu
[unconnected_items]: Missing connection between items
    Local override; error
    @(107.2549 mm, 114.6944 mm): Pad 1 [Net-(R72-~-Pad1)] of R72 on B.Cu
    @(109.3049 mm, 113.3944 mm): Pad 1 [Net-(R72-~-Pad1)] of R76 on B.Cu
[unconnected_items]: Missing connection between items
    Local override; error
    @(108.1549 mm, 114.6944 mm): Pad 2 [Net-(R72-~-Pad2)] of R72 on B.Cu
    @(109.3049 mm, 114.0944 mm): Pad 1 [Net-(R72-~-Pad2)] of R73 on B.Cu
[unconnected_items]: Missing connection between items
    Local override; error
    @(105.0049 mm, 114.6944 mm): Pad 1 [Net-(R74-~-Pad2)] of R75 on B.Cu
    @(105.7049 mm, 114.6944 mm): Pad 2 [Net-(R74-~-Pad2)] of R74 on B.Cu
[unconnected_items]: Missing connection between items
    Local override; error
    @(105.1361 mm, 113.7558 mm): Pad 1 [Net-(R76-~-Pad2)] of R77 on B.Cu
    @(109.3049 mm, 112.4944 mm): Pad 2 [Net-(R76-~-Pad2)] of R76 on B.Cu

** Found 0 Footprint errors **

** Ignored checks **
    - Footprint has no courtyard defined
    - Track endpoint not centered on via
    - Tuning profile track geometries
    - Footprint doesn't match symbol's footprint filters
    - Footprint component type doesn't match footprint pads

** End of Report **
